Enrollment	Year	Q1_AI_focus	Q2_AI_bachelor_relevance	Q3_SysCom_relevance	Q4_IN_SC_merge	Q5_Bachelor_name	Q6_2nd_year_changes	Q7_3rd_year_changes_ML	Q8_3rd_year_changes_removals	Q9_Bachelor_choice	Comments
BA-SC	BA3	Specialization	Relevant	No opinion	Strongly agree	Intelligent Systems	4	5 – I love it !	3 - No opinion	AI	
MA-CY	MA1	Specialization	A little Relevant	Agree	Agree	Intelligent Systems	4	5 – I love it !	1 – I hate it !	SysCom	
BA-IN	BA5	As it is now	A little Relevant	Disagree	Agree	Intelligent Systems	4	4	1 – I hate it !	Not sure	
MA-IN	MA3	No opinion	A little Relevant	Strongly disagree	Agree	Data Science	1 – I hate it !	4	1 – I hate it !	Not sure	Courses like Computer Systems and Computer Security are truly important for any Bachelor in this faculty and should not be made optional. Removing these compulsory courses is making the Bachelor too specialized and not giving a good overview of important aspects of the field - this is the role of a Masters program, NOT a Bachelor program
BA-SC	BA5	New independent bachelor	Very relevant	Disagree	Agree	Intelligent Systems	5 – I love it !	4	4	AI	
BA-IN	BA3	New independent bachelor	Very relevant	Agree	Strongly disagree	AI	3 - No opinion	3 - No opinion	3 - No opinion	AI	
BA-IN	BA3	New independent bachelor	Relevant	Agree	Agree	AI	3 - No opinion	3 - No opinion	3 - No opinion	AI	"Ne faire qu'un seul Bachelor avec des tracks obligatoires semble être une idée meilleure encore : un track purement 'info' software, théorie de programmation, un track plus proba/physique avec du traitement de signal et de l'information, et un track IA avec du ML et les applications concrètes de l'IA.  Concernant ce qui est actuellement en place : on ne fait pas assez clairement la distinction en un Bachelor SC et IN, qui pour moi sont réellement deux disciplines à part. De plus, je trouve que l'ensemble des cours disponible en IC couvre beaucoup de domaines différents sans qu'il y ait réellement une structure à tout ça : prendre juste intro to ML comme ça n'a pas trop de sens et il n'y a pas vraiment d'options pour aller plus loin. D'où l'idée des tracks obligatoires qui me semble super et qui permettraient réellement de distinguer les différents débouchés de ""l'informatique"""
BA-IN	BA3	Specialization	A little Relevant	No opinion	Agree	AI	3 - No opinion	4	1 – I hate it !	Not sure	
BA-IN	BA3	Specialization	No opinion	Agree	Strongly disagree	AI	1 – I hate it !	4	2	Not sure	
BA-IN	BA3	Specialization	A little Relevant	Disagree	Strongly agree	Intelligent Systems	4		4	AI	
BA-IN	BA3	Specialization	A little Relevant	No opinion	Strongly agree	Intelligent Systems	3 - No opinion	3 - No opinion	3 - No opinion	AI	
BA-IN	BA3	Specialization	Relevant	Disagree	Strongly agree	Intelligent Systems	4	4	2	Not sure	
BA-IN	BA3	Specialization	Relevant	No opinion	No opinion	AI	3 - No opinion	4	4	AI	
BA-IN	BA3	Specialization	A little Relevant	Agree	No opinion					SysCom	
BA-IN	BA3	Specialization	Relevant	Agree	Strongly agree	AI	4	3 - No opinion	3 - No opinion	AI	
BA-IN	BA3	Specialization	No opinion	Disagree	Agree	AI	4	3 - No opinion	3 - No opinion	Not sure	
BA-IN	BA3	Specialization	A little Relevant	No opinion	Strongly disagree	Intelligent Systems	3 - No opinion	3 - No opinion	3 - No opinion	Not sure	Ne serait-il pas plus pertinent de créer un master spécialisé en IA comme il est le cas pour la cybersecurité, et renforcer l'accompagnement des étudiants en bachelors vers les options qui sont nécessaire à son suivi ? Il serait dommage de restreindre le champ de compétences dès le Bachelor ; je vois plutôt ce cycle comme étant volontairement plus général afin de nous donner goût à de divers secteurs et de permettre un choix plus réfléchi de nos Masters. Devoir choisir une voie si spécifique dès la première année représenterait un risque de ne pas s'engager dans la bonne voie et s'en rendre compte uniquement lors de l'arrivée de cours spécifiques (deuxième ou troisième année). 
BA-IN	BA3	Specialization	No opinion	Disagree	Strongly agree	AI	1 – I hate it !	4	3 - No opinion	SysCom	Computer Systems ne doit être en AUCUN CAS supprimé à mon avis, alors qu’électromagnétisme, quant à elle, est une matières qui n’a rien à voir, et rien à faire avec un bachelor en IA ou en Systèmes de Communication, et je reste convaincu que +90% des étudiants seraient du même avis
BA-SC	BA5	New independent bachelor	Very relevant	Strongly disagree	Strongly agree	AI	5 – I love it !	5 – I love it !	5 – I love it !	AI	
BA-SC	BA3	Specialization	Very relevant	Strongly agree	Strongly agree	AI	4	4	4	AI	
BA-IN	BA3	Specialization	A little Relevant	Agree	Disagree		2	3 - No opinion	4	SysCom	"Le choix de renommer le bachelor s'inscrit dans une époque ou l'IA est en vogue, jai peur que ce bachelor soit ""caduc"" ou dépassé dans un futur un peu plus lointain où l'IA et les LLM ne serait peut être plus le focus du monde de la tech. Je préfère un bachelor qui sauras s'adapter avec plus de cours a option ou des petites reformes pour rester intemporel plutôt que de le renommer et s'inscrire dans une ""mode""."
BA-IN	BA3	As it is now	Not relevant at all	No opinion	Agree	Intelligent Systems	2	5 – I love it !	5 – I love it !	SysCom	
BA-IN	BA3	New independent bachelor	Very relevant	Strongly disagree	Strongly agree	AI				AI	
BA-IN	BA3	Specialization	A little Relevant	Agree	Disagree	Intelligent Systems	2	4	2	SysCom	
BA-IN	BA5	Specialization	A little Relevant	Disagree	Strongly agree	AI	4	4	4	SysCom	L'avantage du bachelor unique avec des spécialisations, est qu'il est très facile de le modifier dans le temps, en cas de flop de l'IA, ou du regain des systèmes de communication / nouvelles modes, le bachelor peut s'adapter en condition, plus facilement et rapidement qu'en créant un nouveau bachelor.  Bref gambergez bien mes chocobébous-love
MA-IN	MA1	Specialization	Not relevant at all	Agree	Strongly disagree	Intelligent Systems	2	4	2	SysCom	data science bachelor would make more sense. a bachelor in ai just sounds stupid and will attract people that are uninterested in general computer science and that will fail first year.   side note: i don't see why compsec should become optional. no-one should get to the master without knowing compsec basics, that's just irresponsible of the school.
BA-SC	BA3	No opinion	Relevant	Agree	Agree	Intelligent Systems	4	3 - No opinion	3 - No opinion	Not sure	
BA-SC	BA5	New independent bachelor	Relevant	Agree	No opinion	Intelligent Systems	4	5 – I love it !	2	Not sure	
BA-IN	BA5	Specialization	Relevant	Strongly disagree	Strongly agree	Intelligent Systems	5 – I love it !	4	4	AI	
BA-IN	BA3	Specialization	Not relevant at all	Strongly disagree	Strongly agree		3 - No opinion	4	1 – I hate it !	Not sure	If you’re reforming the Syscom program then you have to make sure that it doesn’t intersect with IC program. Right now the only difference in syscom is BA3 when you “don’t” take comparch but take electromag, but even in this case they are optional in their respective programs. IMO it is better to have one compsci program with other specialisations starting from the 2nd year but share the same comp courses 
BA-SC	BA3	As it is now	Not relevant at all	Strongly agree	Strongly disagree		3 - No opinion	3 - No opinion	3 - No opinion	SysCom	
BA-IN	BA3	Specialization	Very relevant	No opinion	Strongly agree	AI	4	4	4	AI	
MA-DS	Other	Specialization	Relevant	Disagree	Agree	AI	4	5 – I love it !	4	Not sure	Un cours sur les Systèmes pour IA devrait prendre la place de Compsys dans ce nouveau bachelor. En effet, plus que les astuces mathématiques, c'est ainsi que la différence se fait récemment dans la milieu, et il en faut une compréhension minimale.  Avoir un bachelor en computer science avec des spécialisations optionnelles serait bien. En pratique, c'est quasiment ce qu'on a déjà, sauf qu'on n'a pas le titre de la spécialisation qui va avec - ce qui est ok. Avoir un autre bachelor en plus en IA c'est du benef - bien sûr, tant que ce nouveau bachelor ferait sens.  Compsec pas obligatoire est assez dangereux. C'est un cours qui permet d'avoir un overview de security et privacy, juste ce qu'il faut pour des non spécialistes comme manière de penser à ces sujets. On pourrait le garder obligatoire pour un bachelor en IA à mon avis, ça reste des enjeux majeurs.  Concernant les cours / projet de ML de 3ème année: ce qui est important c'est que ces cours ne se cantonnent pas à présenter plus de maths liées au ML. Des notions de MLops seraient très bienvenues afin que les étudiant·x·e·s aient une idée des enjeux derrière le déploiment et la maintenance de modèles dans la vie réelle.
BA-SC	BA3	New independent bachelor	Very relevant	Disagree	No opinion	AI	5 – I love it !	5 – I love it !	3 - No opinion	AI	
BA-IN	BA3	Specialization	A little Relevant	No opinion	Disagree	Intelligent Systems				Not sure	"le mot clef ""IA"" est utilise dans la societe pour tout et rien dire. C'est pour ca que lorsqu on me dit bachelor IA, même si le contenu est bon, j'ai l impression que c est le même niveau que les arnaques de ""formations en ia"" vendu sur Internet"
BA-SC	BA3	Specialization	Very relevant	Strongly agree	No opinion	Intelligent Systems	5 – I love it !	5 – I love it !	5 – I love it !	AI	
MA-CY	MA1	As it is now	Not relevant at all	No opinion	Strongly agree	Intelligent Systems	1 – I hate it !	4	2	SysCom	
BA-SC	BA5	New independent bachelor	Relevant	Disagree	Disagree	AI	5 – I love it !	4	5 – I love it !	AI	
Other	Other	New independent bachelor	Very relevant	Disagree	Agree	AI	3 - No opinion	3 - No opinion	3 - No opinion	AI	
BA-IN	BA1	Specialization	Very relevant	Disagree	Disagree	AI	3 - No opinion	3 - No opinion	3 - No opinion	AI	
BA-IN	BA1	New independent bachelor	Very relevant	Strongly disagree	No opinion	AI	5 – I love it !	5 – I love it !	5 – I love it !	AI	
BA-IN	BA1	Specialization	Relevant	Agree	No opinion	AI	3 - No opinion	3 - No opinion	3 - No opinion	SysCom	
BA-SC	BA5	New independent bachelor	Very relevant	Strongly disagree	Agree	AI	5 – I love it !	5 – I love it !	5 – I love it !	AI	
BA-SC	BA1	New independent bachelor	Relevant	Disagree	Disagree	Intelligent Systems	4	4	3 - No opinion	SysCom	
BA-IN	BA3	As it is now	A little Relevant	Strongly agree	No opinion	Intelligent Systems	3 - No opinion	2	2	SysCom	
MA-CY	MA1	Specialization	Not relevant at all	Disagree	Strongly agree	Intelligent Systems	2	2	2	SysCom	
BA-SC	BA5	Specialization	Relevant	Disagree	Agree	AI	5 – I love it !	5 – I love it !	2	Not sure	
MA-CY	MA3	Specialization	Relevant	Disagree	Strongly agree		4	4	4	AI	
MA-IN	MA3	As it is now	Not relevant at all	No opinion	Agree	AI	1 – I hate it !	4	1 – I hate it !	Not sure	
MA-DS	MA1	Specialization	A little Relevant	No opinion	Agree	Intelligent Systems	4	4	3 - No opinion	SysCom	Hyperspecializing early in AI is a big gamble given the job market and the overall maturity of the field.
MA-DS	MA1	New independent bachelor	Very relevant	Disagree	Disagree	Intelligent Systems	4	5 – I love it !	4	AI	
BA-IN	BA3	Specialization	Very relevant	Disagree	Strongly agree	AI	5 – I love it !	5 – I love it !	5 – I love it !	AI	
BA-SC	BA1	Specialization	Relevant	No opinion	Strongly agree	Intelligent Systems	4	5 – I love it !	4	Not sure	
BA-IN	BA1	Specialization	Relevant	Strongly disagree	Strongly agree	AI	4	4	4	AI	
Other	MA1	Specialization	Not relevant at all	Agree	Disagree	Intelligent Systems	1 – I hate it !	4	1 – I hate it !	SysCom	
MA-IN	MA3	Specialization	A little Relevant	Disagree	Strongly agree	Other	4	4	1 – I hate it !	SysCom	Je trouve qu’un bachelor unifié en informatique serait beaucoup plus pertinent avec plusieurs tracks de spécialisation possible, avec de la cybersecurité, théorie, signal processing, IA, etc qui auront chacune des blocs / cours différents. Aussi je trouve super dommage le fait de rendre CompSec optionnel, peut-être qu’il faudrait plutôt re-réfléchir le cours pour quil incorpore moins de network security et qu’il soit pertinent pour toutes les spécialisations quitte à le rendre plus généreux, et refaire vivre ISP qui est enlevé aujourd’hui car considéré comme redondant mais qui aurait plus sa place dans ce nouveau bachelor au dernier semestre en approfondissant les concepts de compsec et en allant plus loin dans le network security et autre.
BA-IN	BA3	New independent bachelor	Very relevant	Disagree	Agree	AI	5 – I love it !	5 – I love it !	5 – I love it !	AI	
Other	MA1	New independent bachelor	Very relevant	Disagree	No opinion	AI	5 – I love it !	4	4	AI	
BA-IN	BA1	Specialization	A little Relevant	Strongly disagree	Strongly agree	Intelligent Systems	5 – I love it !	5 – I love it !	5 – I love it !	AI	
MA-IN	MA1	Specialization	Not relevant at all	Strongly agree	No opinion	Intelligent Systems	1 – I hate it !	1 – I hate it !	1 – I hate it !	SysCom	
MA-SC	MA3	New independent bachelor	Very relevant	Disagree	Strongly agree	AI	5 – I love it !	5 – I love it !	1 – I hate it !	SysCom	"Je pense qu'une grande partie du manque de popularié du master syscom est le manque de cours de syscom ""appliqués""  par exemple modern digital communications est un cours très simple, qui pourrait etre donné en bachelor en parallele de principles of digital communication, ce qui donnerait un projet intéressant et pratique à faire  ou sinon après aicc2 on pourrait créer des cours de coding theory appliquée...  Je comprends l'attrait de l'intelligence artificielle mais je ne pense pas que ca devraot remplacer syscom"
MA-DS	MA3	Specialization	A little Relevant	Agree	Strongly agree	Intelligent Systems	1 – I hate it !	2	4	SysCom	In the future there will be a lot of AI expert which require little expertise. Keeping system oriented/syscom is very important to get knowledge that will then be used in AI. AI is not hard to learn (mostly)
BA-SC	BA3	New independent bachelor	Very relevant	Strongly disagree	Strongly agree	AI	4	4	4	AI	
BA-IN	BA3	Specialization	Relevant	Strongly disagree	Strongly agree	Intelligent Systems	5 – I love it !	5 – I love it !	3 - No opinion	AI	S'il vous plait implementez ces nouvelles matieres de BA4 pour le prochain semestre!!
BA-SC	BA5	Specialization	Relevant	Strongly disagree	Strongly agree	Data Science	4	3 - No opinion	4	AI	
MA-IN	MA3	As it is now	Not relevant at all	Agree	Strongly agree	AI	4	4	2	SysCom	Keep SotchMods, really important for everything using probability
BA-IN	BA3	As it is now	Not relevant at all	Agree	No opinion	Intelligent Systems	1 – I hate it !	1 – I hate it !	1 – I hate it !	SysCom	
BA-IN	BA1	Specialization	Relevant	Strongly disagree	Strongly agree	Intelligent Systems	4	4	5 – I love it !	AI	
BA-IN	BA1	New independent bachelor	Very relevant	Disagree	Strongly agree	Intelligent Systems	4	4	4	AI	
BA-SC	BA5	No opinion	No opinion	Disagree	Strongly agree	Intelligent Systems	5 – I love it !	2	5 – I love it !	AI	
BA-IN	BA3	New independent bachelor	Very relevant	Disagree	Agree	Intelligent Systems	4	5 – I love it !	4	AI	
BA-IN	BA1	Specialization	Very relevant	No opinion	Agree	AI				AI	
BA-IN	BA3	Specialization	Very relevant	Strongly agree	Agree	Intelligent Systems	4	3 - No opinion	4	AI	
BA-IN	BA1	Specialization	A little Relevant	Disagree	Agree	Intelligent Systems	3 - No opinion	3 - No opinion	3 - No opinion	AI	
BA-SC	BA3	New independent bachelor	Relevant	Disagree	No opinion	Intelligent Systems	3 - No opinion	5 – I love it !	2	AI	
MA-DS	MA3	New independent bachelor	Very relevant	Disagree	No opinion	Data Science	5 – I love it !	5 – I love it !	3 - No opinion	AI	"I would add more data-related courses to make the bachelor more general, like bachelor-level course like the master's ADA course (or make Internet Analytics mandatory, it's a great course!). Another course on slightly more advanced probability and statistics could also be useful.  100% support the proposed new courses, with a larger ML project and Systems for AI, which are currently lacking even at the master's level.  I would also love a new course on automatic differentiation and other technologies that constitue the ""backbone"" of current SOTA AI technologies, similarly to what is proposed with the optimization course. "
BA-IN	BA5	As it is now	A little Relevant	Disagree	Strongly disagree	Intelligent Systems	2	4	4	Not sure	
BA-SC	BA3	Specialization	Not relevant at all	Disagree	No opinion	AI	5 – I love it !	3 - No opinion	3 - No opinion	AI	
MA-DS	MA3	Specialization	Not relevant at all	No opinion	Strongly agree	Other	3 - No opinion	5 – I love it !	5 – I love it !	AI	"I think the changes are good but the name should stay relevant to other schools. ""Bachelor in AI"" looks too much like some Buisness School courses. I think this particular name of ""Bachlor in AI"" is a downgrade."
BA-IN	BA5	New independent bachelor	Relevant	No opinion	Agree	Intelligent Systems	3 - No opinion	3 - No opinion	2	Not sure	Honnêtement je trouve que les matières obligatoires actuelles de syscom sont aussi pertinentes que les nouvelles matières de l’éventuelle nouveau bachelor, si je devais choisir, j’aurais pris tous les cours des 2 bachelors.
BA-IN	BA5	Specialization	No opinion	Disagree	Agree		3 - No opinion	3 - No opinion	3 - No opinion	AI	
BA-SC	BA5	As it is now	Not relevant at all	Agree	Agree		2	3 - No opinion	1 – I hate it !	SysCom	
BA-IN	BA3	Specialization	Relevant	Disagree	Agree	AI	4	5 – I love it !	5 – I love it !	AI	
BA-IN	BA1	Specialization	A little Relevant	No opinion	Strongly agree	AI	4	4	2	Not sure	
BA-IN	BA1	New independent bachelor	Very relevant	No opinion	Strongly agree	AI				AI	
BA-IN	BA1	As it is now	Not relevant at all	Strongly agree	Disagree	Data Science	3 - No opinion	3 - No opinion	1 – I hate it !	SysCom	I think computer security is more important than the ai craze. Letting go of computer security and cyber security is an extremely bad idea, because it is one of the most needed jobs/state needs. 
BA-IN	BA5	As it is now	Not relevant at all	Disagree	Strongly agree	AI	2	4	1 – I hate it !	SysCom	"An ""AI"" bachelor feels very commercial given that it is the most evolving trend ever. Yesterday it was data, today it is AI, and tomorrow maybe it is quantum. Basic ML knowledge should of course be required in any engineering section but the world doesn't need as much DL engineers, especially not enough to make a section out of it and even if so such specilisations should be at least on a masters level. Of course I agree with the idea of adding more AI related classes but honestly the ""AI"" bachelor is very often a cheap marketing strategy used by universities that are desperate to cling to trends... I'd love to see either one bachelor where you can pick your field depending on your specilisations or data science as a new bachelor rather than AI."
BA-IN	BA5	Specialization	Very relevant	Disagree	Agree	Intelligent Systems	2	5 – I love it !	3 - No opinion	AI	
MA-IN	MA1	New independent bachelor	A little Relevant	Disagree	Agree	Intelligent Systems	5 – I love it !	1 – I hate it !	1 – I hate it !	SysCom	L'IA est a la mode, mais j'ai du mal a voir un bachelor lui être dédié. Je préfère un bachelor plus généraliste, qui reste interessant pour plus de profils. Tout le monde ne veut pas faire de l'IA
MA-IN	MA1	Specialization	A little Relevant	No opinion	No opinion	Intelligent Systems	3 - No opinion	4	1 – I hate it !	SysCom	
BA-IN	BA3	Specialization	Relevant	No opinion	Strongly agree	AI	4	4	4	SysCom	
BA-IN	BA1	Specialization	Relevant	No opinion	No opinion	Intelligent Systems	3 - No opinion	3 - No opinion	3 - No opinion	Not sure	
BA-IN	BA3	Specialization	A little Relevant	Disagree	Disagree	Intelligent Systems	2	2	2	SysCom	Les nouvelle matières orientées IA semblent très intéressantes et pourraient être des matières optionnelles pour les deux bachelors IN/SC, permettant d'avoir un apperçu plus approfondi de l'IA et pouvoir décider de s'orienter vers le master IA. Un bachelor spécifiquement IA, même si cela sonne bien, arrive trop tôt dans les études, le bachelor doit rester plus général.
MA-SC	MA3	Specialization	Not relevant at all	Agree	Disagree	AI	3 - No opinion	4	1 – I hate it !	SysCom	Le bachelor sys com est très théorique, il serait utile d'ajouter des cours pratiques liés aux communications, mais le transformer en bachelor IA n'a aucun sens. De plus, le bachelor est encore choisi et suivi par assez d'eleves pour ne pas le modifier aussi drastiquement (contrairement au master SC qui est a présent supprimé).
BA-IN	BA5	Specialization	A little Relevant	Disagree	Agree	Intelligent Systems	4	5 – I love it !	1 – I hate it !	AI	"Je pense que renommer le cursus ""Bachelor en IA"" suit trop les tendances actuelles et risque de décrédibiliser le programme. Beaucoup d'institutions donnent maintenant le label ""IA"" à leurs cursus, ce qui dilue la valeur du diplôme. Un nom comme ""Intelligent Systems"" serait peut-être mieux, mais je ne suis pas sûr si ça fait penser trop à la robotique.  Une spécialisation aussi tôt peut aussi rendre difficile un changement de direction. Une base en Computer Science reste plus future-proof et polyvalente.  Je suis pour ajouter les cours de ML et applications de l'IA. Par contre, rendre Computer Systems, Computer Security et les autres cours fondamentaux optionnels est problématique. Connaître les bases techniques (comment l'OS fonctionne, les réseaux, DNS, routing) reste fondamental pour aborder l'IA sérieusement. Sinon on se retrouve avec des spécialistes IA qui ne comprennent pas comment leur propre ordinateur fonctionne.  Ces cours servent aussi d'introduction pour ceux qui vont se spécialiser dans ces domaines. J'ai un ami qui envisage le networking bas niveau grâce à Computer Systems. Beaucoup développent leur intérêt en cyber security grâce à ce cours. Même moi qui m'intéresse à l'IA, j'apprécie avoir ces bases avant de confirmer mon choix en master."
BA-SC	BA5	New independent bachelor	Relevant	Disagree	Strongly disagree	Data Science	2	5 – I love it !	5 – I love it !	AI	"La reforme en soit est géniale mais c'est une mauvaise idée de l'appeler ""bachelor in ai"", data science serait plus sage"
MA-IN	MA1	As it is now	A little Relevant	Strongly agree	Disagree		1 – I hate it !	1 – I hate it !	1 – I hate it !	SysCom	AI is a trend that will die in 5 years max
BA-IN	BA1	New independent bachelor	Very relevant	Disagree	Strongly agree	AI				AI	
BA-SC	MA3	Specialization	A little Relevant	Disagree	Strongly agree	Intelligent Systems	4	4	2	Not sure	Malheureusement avec tous les changements actuels avec l'IA qui grandit, ce nom de bachelor pourrait avoir une connotation négative. Nommer ce bachelor quelque chose comme systèmes intelligents ou même machine learning serait mieux
BA-IN	BA3	Specialization	A little Relevant	Agree	Disagree	Intelligent Systems	2	3 - No opinion	3 - No opinion	SysCom	Je pense que ce serait plus pertinent d'avoir un Master en AI qu'un bachelor en AI.En effet, je comprends que la tendence actuelle est tournée vers l'AI mais meme en travaillant dans ce domaine, les bases apprises par le bachelor syteme de communications serviront à long terme.
BA-SC	BA1	Specialization	Very relevant	Strongly disagree	Disagree	AI	4	4	4	AI	Let's switch to AI next year
MA-IN	MA1	Specialization	A little Relevant	Agree	Agree	Intelligent Systems	2	2	1 – I hate it !	SysCom	
BA-IN	BA3	Specialization	A little Relevant	No opinion	No opinion	Intelligent Systems	1 – I hate it !	2	1 – I hate it !	SysCom	
BA-IN	BA5	New independent bachelor	A little Relevant	No opinion	Agree	Intelligent Systems	2	4	3 - No opinion	SysCom	I do not think the SysCom bachelors can naturally transform into a bachelors in AI. I think it would be much more interesting to add more optional courses in AI available to all IC students, or merging the two bachelors degrees and adding specialisations as with the new masters degree in computer science. But I do not think that making a new degree in AI would work well. 
MA-DS	MA3	Specialization	Relevant	Strongly disagree	Agree	Data Science	5 – I love it !	5 – I love it !	5 – I love it !	AI	
BA-SC	BA3	Specialization	Relevant	No opinion	No opinion	Intelligent Systems	5 – I love it !	4	3 - No opinion	Not sure	
BA-IN	BA1	Specialization	A little Relevant	Strongly agree	Strongly agree	Intelligent Systems				Not sure	
BA-IN	BA5	Specialization	A little Relevant	Strongly disagree	Strongly agree	Intelligent Systems	2	5 – I love it !	4	AI	
MA-IN	MA1	Specialization	Relevant	No opinion	Strongly agree	AI	5 – I love it !	5 – I love it !	3 - No opinion	AI	
BA-IN	BA3	New independent bachelor	Very relevant	No opinion	Strongly agree	Intelligent Systems	4	5 – I love it !	4	AI	
BA-IN	BA5	Specialization	Relevant	Disagree	Agree	Intelligent Systems	4	5 – I love it !	2	AI	- Compsec and CompSys shouldn't be optional. - Applied AI courses is a great idea, would have loved taking one of these courses.
BA-IN	BA3	Specialization	A little Relevant	No opinion	Disagree	Intelligent Systems	2	3 - No opinion	3 - No opinion	SysCom	
BA-SC	BA5	Specialization	A little Relevant	Agree	Agree	Intelligent Systems	4	4	2	AI	
MA-IN	MA3	As it is now	A little Relevant	Strongly disagree	Strongly agree	Intelligent Systems	2	4	1 – I hate it !	SysCom	
BA-IN	BA5	New independent bachelor	A little Relevant	Disagree	Agree	Intelligent Systems				Not sure	
BA-SC	BA1	Specialization	Very relevant	No opinion	No opinion	AI	5 – I love it !	5 – I love it !	4	AI	
BA-IN	BA1	New independent bachelor	Very relevant	Disagree	Agree	AI				AI	
BA-IN	BA3	New independent bachelor	Relevant	Agree	Strongly disagree	AI	2	4	2	Not sure	
BA-SC	BA5	Specialization	Not relevant at all	Agree	Agree	Intelligent Systems	5 – I love it !	3 - No opinion	1 – I hate it !	SysCom	Wouldnt it make more sense for it to be a bachelor in data science 
BA-IN	BA3	New independent bachelor	Very relevant	No opinion	Strongly agree	AI	3 - No opinion	3 - No opinion	3 - No opinion	AI	
MA-CY	MA1	New independent bachelor	Relevant	Disagree	Agree	AI	4	4	2	SysCom	Creating a bachelor in AI is great, but it should not replace a bachelor in syscom imo. Both should exist.
MA-DS	MA3	Specialization	A little Relevant	No opinion	Agree	Intelligent Systems				Not sure	
BA-SC	BA3	New independent bachelor	Very relevant	Strongly agree	Strongly disagree	Data Science	3 - No opinion	3 - No opinion	3 - No opinion	SysCom	Since there is a master in data science already, and it seems to also be in the direction of AI but a bit broader. It wouldn't really make sense to have an overly specific bachelor that leads to a broader master. That is why Bachelor in data science to master of data science would make more sense.
BA-SC	BA5	Specialization	No opinion	Agree	Agree	AI	4	3 - No opinion	4	SysCom	
BA-IN	BA3	As it is now	A little Relevant	No opinion	Agree	AI	4	5 – I love it !	2	SysCom	AI is for sure taking a huge scale, but should still be a specilization rataher than a whole bachelor
BA-IN	BA5	Specialization	No opinion	Agree	Agree	Intelligent Systems	4	2	1 – I hate it !	Not sure	Maybe do a third bachelor. I think having a Bachelor in Communication Systems is important, and that EPFL should not throw away every signal related courses, because they contains a lot of math, which is really important for AI (for ex. ModStock, PDC seems really important classes to me)
BA-SC	BA3	Specialization	Relevant	Agree	No opinion	Intelligent Systems	2	2	3 - No opinion	AI	
BA-IN	BA3	As it is now	Not relevant at all	Agree	Strongly disagree	Intelligent Systems	2	2	2	SysCom	
BA-SC	BA1	Specialization	No opinion	No opinion	No opinion	Intelligent Systems	3 - No opinion	3 - No opinion	3 - No opinion	Not sure	
MA-IN	MA1	As it is now	Not relevant at all	Disagree	No opinion	Data Science	4	2	2	Not sure	
BA-IN	BA3	New independent bachelor	Relevant	Disagree	Agree	Intelligent Systems	2	4	4	AI	
BA-IN	BA5	New independent bachelor	Relevant	Agree	Disagree	AI	4	4	5 – I love it !	AI	
BA-SC	BA5	Specialization	Relevant	Agree	Disagree	AI	4	5 – I love it !	5 – I love it !	AI	
BA-IN	BA1	Specialization	Relevant	No opinion	Agree	AI	4	3 - No opinion	4	AI	
BA-SC	BA5	Specialization	Very relevant	Strongly agree	Agree	AI	4	5 – I love it !	5 – I love it !	AI	
MA-IN	MA1	New independent bachelor	Very relevant	No opinion	Strongly agree	AI	3 - No opinion	3 - No opinion	3 - No opinion	AI	
BA-IN	BA5	Specialization	A little Relevant	No opinion	Strongly agree	Intelligent Systems	1 – I hate it !	4	3 - No opinion	SysCom	
BA-IN	BA5	Specialization	A little Relevant	Disagree	Strongly agree	Intelligent Systems	5 – I love it !	4	1 – I hate it !	AI	
MA-CY	MA1	Specialization	A little Relevant	Agree	No opinion		4	3 - No opinion	2	SysCom	
MA-DS	MA1	Specialization	Not relevant at all	Agree	Strongly agree	Intelligent Systems	4	4	1 – I hate it !	SysCom	The name bachelor's in AI sounds like it's trying to catch on to a trend. The changes are very interesting and bring a lot of necessary changes, but the new name and the need for a whole new bachelors different from computer science make it sound like it's less serious in my opinion.
BA-SC	BA3	Specialization	No opinion	Agree	No opinion	AI	3 - No opinion	4	1 – I hate it !	SysCom	
MA-DS	MA3	New independent bachelor	Very relevant	No opinion	Strongly agree	Intelligent Systems	5 – I love it !	5 – I love it !	5 – I love it !	AI	
BA-SC	BA3	New independent bachelor	Very relevant	Strongly disagree	Disagree	AI	3 - No opinion	4	4	AI	Remplacer le Bachelor de système de communication est un peu radical, les cours de systèmes de communications sont très différents de ceux nécessaires a l’IA, cependant avoir une nouvelle section a part entière en IC serait bien.
BA-SC	BA3	New independent bachelor	Relevant	Agree	Disagree	Intelligent Systems	2	3 - No opinion	4	SysCom	
MA-IN	MA3	Specialization	Relevant	No opinion	Disagree	AI	3 - No opinion	3 - No opinion	3 - No opinion	SysCom	
MA-DS	MA3	New independent bachelor	Very relevant	No opinion	No opinion	AI	5 – I love it !	5 – I love it !	5 – I love it !	AI	
BA-SC	BA5	Specialization	Relevant	Agree	Agree	Intelligent Systems	2	4	2	SysCom	
BA-IN	BA5	New independent bachelor	Very relevant	Agree	Strongly agree	Intelligent Systems	5 – I love it !	5 – I love it !	4	AI	I am in 'normal' CS and i would like these new course to be optional for us, but from what i understand it would be the case :)
MA-DS	MA3	Specialization	A little Relevant	Strongly agree	Strongly agree	Other	5 – I love it !	5 – I love it !	2	SysCom	Je prendrais le bachelor actuel en SC pour les bases mathématiques mais je ferais des nouveaux cours d’IA comme options car c’est un domaine intéressant. Mais je pense que les étudiants doivent garder des bases dans les autres domaines de l’informatique car tout le monde commence à faire de l’IA de nos jours et ça s’apprend facilement.
BA-IN	BA1	Specialization	A little Relevant	No opinion	Agree	Intelligent Systems	4	4	4	AI	
MA-IN	MA3	As it is now	A little Relevant	Agree	Strongly agree	AI	3 - No opinion	3 - No opinion	3 - No opinion	AI	its not because i would take the new ai bachelor that its a good idea, its just that the syscom bachelor is wayyyyyy too bad...
BA-SC	BA5	Specialization	Not relevant at all	No opinion	Agree	Intelligent Systems	1 – I hate it !	2	1 – I hate it !	SysCom	
BA-IN	BA5	New independent bachelor	Relevant	Strongly disagree	No opinion	AI	2	5 – I love it !	2	AI	
MA-IN	MA1	Specialization	A little Relevant	No opinion	Strongly agree		2	5 – I love it !	5 – I love it !	AI	
MA-IN	MA1	As it is now	Not relevant at all	Strongly agree	Agree	Other	2	4	4	SysCom	They should not fall for that AI hype like CEOs and companies. This is a university. We are already teaching AI in the IN section. It has no reason to be a separate bachelor, that should belong to a Master specification.
MA-DS	MA3	Specialization	A little Relevant	Disagree	Strongly agree	AI	5 – I love it !	4	2	AI	
BA-IN	BA1	New independent bachelor	Relevant	Strongly disagree	Strongly agree	AI	5 – I love it !	5 – I love it !	5 – I love it !	AI	
MA-DS	MA3	New independent bachelor	Very relevant	Disagree	Agree	Intelligent Systems	5 – I love it !	5 – I love it !	4	AI	I feel that ModStoch would still be relevant in an AI bachelor and should maybe be kept as a mandatory course 
BA-SC	BA1	As it is now	No opinion	Agree	Strongly disagree		3 - No opinion	3 - No opinion	3 - No opinion	SysCom	
BA-SC	BA5	As it is now	Not relevant at all	Strongly agree	Strongly disagree	Intelligent Systems	1 – I hate it !	3 - No opinion	1 – I hate it !	SysCom	
BA-IN	BA1	New independent bachelor	Very relevant	Disagree	Disagree	AI	4	4	4	AI	
BA-SC	BA1	New independent bachelor	Very relevant	Disagree	Strongly agree	AI	5 – I love it !		5 – I love it !	AI	
BA-SC	BA5	New independent bachelor	Very relevant	Strongly disagree	Strongly disagree	AI	4	4	4	AI	A 100% d’accord avec le changement ! Après avoir fait tout le bachelor de systèmes de communication, le nom même ne reflète pas ce qu’on a vraiment fait 
BA-IN	BA1	Specialization	Relevant	No opinion	Agree	Intelligent Systems				Not sure	Pouquoi changer SysCom rt pas Computer Science?
BA-IN	BA1	New independent bachelor	Very relevant	Agree	Strongly agree	AI	5 – I love it !	5 – I love it !	5 – I love it !	AI	
MA-CY	MA3	Specialization	Relevant	Strongly disagree	Agree	AI	4	4	2	Not sure	
BA-IN	BA5	New independent bachelor	Relevant	Strongly agree	Agree	AI	2	4	1 – I hate it !	SysCom	
MA-IN	MA1	Specialization	Not relevant at all	Strongly agree	Strongly agree	Intelligent Systems	1 – I hate it !	1 – I hate it !	1 – I hate it !	SysCom	
MA-DS	MA1	New independent bachelor	Relevant	Disagree	Agree	AI	2	2	2	AI	Il faut plutot enlever electromagnetisme, ça ne sert absolument à rien. Il faut laisser Computer systems et computer security, limite on peut les alleger un peu. Mais c'est des cours, meme s'ils ne sont pas directement liés à l'IA, vont être très important en général. Il faut aussi mettre un cours de software engineering obligatoire comme SWENT. 
MA-IN	MA3	Specialization	Not relevant at all	No opinion	Agree	AI	2	3 - No opinion	1 – I hate it !	SysCom	AI is a bubble that is inevitably going to burst, it is risky to base an entire Bachelor on it. Furthermore, I think it is very important to provide a compulsory cybersecurity course, which could be adapted to AI security if needed.
MA-IN	MA3	Specialization	A little Relevant	No opinion	Agree		4	3 - No opinion	2	Not sure	
BA-SC	BA3	Specialization	A little Relevant	Agree	Agree		4	4	3 - No opinion	Not sure	
MA-DS	MA3	Specialization	Relevant	No opinion	Strongly agree	AI	5 – I love it !	5 – I love it !	4	AI	
BA-SC	BA3	As it is now	Not relevant at all	Agree	Strongly disagree	AI	1 – I hate it !	1 – I hate it !	1 – I hate it !	SysCom	I’m strongly against this idea — if I had known about it, I would’ve never joined the SysCom program.  
BA-SC	BA5	Specialization	Not relevant at all	Strongly disagree	Disagree	Data Science	4	5 – I love it !	1 – I hate it !	SysCom	Mettre modèle stochastiques et computer security optionnel n'a aucun sens!
BA-SC	BA3	New independent bachelor	Relevant	Strongly agree	Agree	AI	3 - No opinion	3 - No opinion	3 - No opinion	SysCom	
BA-IN	BA1	New independent bachelor	Very relevant	Agree	No opinion		3 - No opinion	4	4	SysCom	
BA-IN	BA1	New independent bachelor	Very relevant	No opinion	Agree	Intelligent Systems	5 – I love it !	5 – I love it !	4	AI	
MA-DS	MA3	Specialization	Very relevant	No opinion	Agree	Intelligent Systems	4	4	3 - No opinion	AI	
MA-SC	MA3	Specialization	A little Relevant	Disagree	Disagree		4	1 – I hate it !	2	SysCom	I did my bachelor and master in communication systems. I struggle to understand why this bachelor in AI should be created. I see the world shaped by AI technologies yes, but don't you see that AI is mainly optimization in the end, and chatGPT python code written by students? There are so many optimization courses, giving you everything you need to deep into the mathematical tools for ML. Also, for your classes of ML, projects, etc.. you just give students credits for learning a framework (pytorch), which is not good. Bachelor in AI would mean near no electronics, physics and math. Give the oppourtinity to a specialization okey but do not forget that everything today is changing, also communication systems
BA-IN	BA1	New independent bachelor	Relevant	Disagree	Disagree	Intelligent Systems	4	5 – I love it !	5 – I love it !	AI	Bien que les nouvelles matières soient très interessantes, ce serait dommage de supprimer la section SC à dépends.  Le mieux serait de conserver le bachelor IN et SC tels qu’ils sont, et d’ajouter ce nouveau bachelor dans la faculté IC. Après tout, plusieurs autres facultés ont plus que 2 bachelors.  Je suis 100% pour l’appellation Bachelor in Intelligent Systems. Le nom Bachelor in AI est tellement prosaïque
BA-SC	BA5	As it is now	Not relevant at all	Strongly agree	Disagree	Intelligent Systems	2	2	1 – I hate it !	SysCom	Making CompSec and StochMods optional defeats the whole purpose of this bachelor and the reason people take it in the first place.
MA-CY	MA3	Specialization	A little Relevant	Disagree	Agree	AI	4	4	4	AI	Je ne crois pas qu’il y ait assez de matière à communiquer dans dans l’eau tue-tête de l’intelligence artificielle et du machine learning pour en faire un bachelor à part entière.   Je crois que l’IA et le machine learning on largement leur place dans le bachelor Informatique et cela doit rester comme tel. Peut être cependant ajouter des cours ou des possibilités de spécialisations dans le bachelor informatique.   Cependant je crois que le bachelor SC n’est d’une part pas vraiment très attirant (les étudiants ne comprennent pas vraiment de quoi il s’agit et en quoi est-ce différent de l’informatique) et d’autres part, je crois que l’entièreté des sujets abordés ont d’avantages leur place en bachelor électronique. Dans mon idéal personnel, le bachelor en système de communication ne devrait pas exister, et pour accéder à ces sujets, il faudrait simplement orienter les étudiants au bachelor électronique. Bien entendu il doit être cependant possible pour un bachelor informatique d’accéder à certains cours de signaux en option ou sous forme de spécialisation.  Je crois plus juste d’avoir en général un seul bachelor en informatique avec des pseudo sous spécialisations (signaux et communication, AI et Machine learning, Architecture,…)
BA-SC	BA1	Specialization	Relevant	No opinion	Agree	Intelligent Systems				AI	
MA-DS	Other	New independent bachelor	Very relevant	Disagree	Agree	AI	4	5 – I love it !	4	AI	
MA-DS	MA3	Specialization	Relevant	Disagree	Strongly agree	Intelligent Systems	2	2	5 – I love it !	Not sure	En fait je pense juste que si cette réforme a lieu alors beaucoup de choses deviennent super redondantes avec le master en data science, donc je trouve que ça fait une très grosse perte de temps. Une solution serait de mettre tout ML au bachelor uniquement, mais je ne suis pas non plus d'accord de supprimer le grand cours de Machine Learning du master de DS parce que ce cours est incroyable (et mathématiquement il peut être super lourd pour quelqu'un en 2ème année, donc pas incroyable de le mettre là non plus). Je trouve néanmoins que des cours comme PDC, ModStoch, etc pour finir sur un master en Data Science ne sont pas super utiles, donc l'idée de les rendre optionnels et de les remplacer est une superbe idée, juste je suis pas convaincue par les changements que vous avez proposé. Certaines choses que j'aurais beaucoup aimé voir au bachelor et qui pourraient être une bonne idée ce serait de mettre des cours de maths, probastats est un super cours à garder, et maybe en rajouter un autre inspiré de modstoch/pdc pour vraiment que les gens ressortent forts en maths, en axant ça sur de la data (un exemple serait le cours qui existait de statistics for data science, avec cette fois des applications directes dans la vie réélle), histoire que les maths d'un cours comme ML deviennent vraiment très faciles, un cours sur ethical AI pourrait être cool aussi, les applications dans d'autres domaines c'est super, mais si ça n'inclut pas d'agentic AI, ce qui est grandement utilisé aujourd'hui, alors on passe à côté de beaucoup de choses. Un autre idée, et ce que je trouve manque terriblement à mon bachelor, aurait été de faire une sorte de cours Swent mais pour les gens qui veulent finir en data science, ou maybe juste rendre swent obligatoire pour tout le monde, parce que je trouve que pouvoir construire une application et être très à l'aise en version control, c'est un skill incroyable peu importe le master, et au bachelor on s'en rend pas forcément compte pour faire le bon choix. Aussi, savoir comment un ordi marche, la mémoire surtout, c'est super utile, et encore une fois en bachelor peu de gens s'en rendent compte.
BA-SC	BA5	Specialization	No opinion	Strongly agree	Disagree	AI	2	3 - No opinion	1 – I hate it !	SysCom	
MA-DS	MA3	New independent bachelor	Very relevant	Disagree	Agree	AI	4	5 – I love it !	4	AI	
BA-IN	BA5	Specialization	Relevant	No opinion	Strongly agree	Intelligent Systems	3 - No opinion	4	2	AI	
MA-IN	MA1	New independent bachelor	Relevant	Strongly agree	Agree	Intelligent Systems	4	3 - No opinion	4	Not sure	
MA-IN	MA1	New independent bachelor	Relevant	Agree	Agree	AI	2	3 - No opinion	4	AI	Lets say there is a Bachelor in AI. How useful is it for general society to have people solely focus on this topic. I feel like most AI jobs require a PhD in that topic. And also what I have noticed that most AI courses are pretty repetitive so it would be crucial that the Bachelor is well structured 
MA-IN	MA1	Specialization	A little Relevant	Strongly disagree	Strongly agree	Intelligent Systems	1 – I hate it !	5 – I love it !	4	AI	"Je suis dubitatif quand à rendre ""Computer Systems"" et ""Computer Security"" optionnel. Ce sont 2 sujets fondamentaux que tout ingénieur en Informatique, peu importe la spécialisation, doit avoir des bases. Ne pas connaître les spécificités des outils de travail, notamment pour programmer du ML, peuvent être problématique, normalement lorsque l'on souhaite optimiser l'entraînement des modèles. Même réflexion au niveau de la sécurité Informatique, il est problématique de ne pas suivre un cours de cyber sécurité alors que l'on travaille dans le domaine. Les enjeux sont bien trop grand pour ignorer cette composante "
BA-IN	BA1	Specialization	Relevant	No opinion	Agree	Intelligent Systems	4	4	3 - No opinion	AI	Je pense honnêtement qu’il faudrait une spécialisation en IA dans les deux section d’informatique IC et SysCom. Cela permettrait aux étudiants en bachelor d’avoir un choix complémentaire et plus interessant proposé par l’epfl. Avec la croissance de l’ia, on devrait proposer cette option.
BA-SC	BA3	Specialization	No opinion	Disagree	No opinion	AI	5 – I love it !	5 – I love it !	3 - No opinion	AI	
BA-SC	BA3	Specialization	Very relevant	Disagree	Disagree	AI	4	5 – I love it !	4	AI	
MA-IN	MA1	New independent bachelor	Very relevant	No opinion	Strongly agree	AI	4	5 – I love it !	4	AI	
BA-IN	BA5	Specialization	Not relevant at all	No opinion	Strongly agree	Intelligent Systems	2	2	2	Not sure	
BA-SC	BA1	Specialization	No opinion	Disagree	Strongly agree	Intelligent Systems	3 - No opinion	3 - No opinion	3 - No opinion	AI	-
MA-IN	MA3	New independent bachelor	Very relevant	No opinion	Agree	AI	4	5 – I love it !	5 – I love it !	AI	
MA-IN	MA3	Specialization	A little Relevant	Disagree	No opinion	Intelligent Systems	4	4	1 – I hate it !	SysCom	I am not opposed to adding more AI-related courses, but I feel that such a big reform of the Bachelor should be given more time to reflect upon. In my mind, AI is currently a hype train, and the EPFL should be weary to not jump on it too quickly. 
MA-CY	MA1	New independent bachelor	Relevant	Disagree	Agree	AI	4	5 – I love it !	2	AI	
MA-DS	MA1	Specialization	A little Relevant	Strongly disagree	Strongly disagree	AI	5 – I love it !	4	1 – I hate it !	SysCom	Having done bachelors in SysCom, modstoch and PDC and CompSec are necessary and you end up being the best trained for a masters in Data Science ot Financial Engineering. Computer Systems is the most useless course.  For the second year changes I agree a lot but for the 3rd year ones, not at all.
BA-IN	BA1	Specialization	Very relevant	Strongly agree	Strongly disagree	Intelligent Systems	3 - No opinion	3 - No opinion	3 - No opinion	SysCom	Je trouverai dommage d’enlever le bachelor syscom , surtout pour les étudiants intéressés par le master en Neuro-X, auquel le bachelor en syscom est une base solide.
MA-IN	Other	Specialization	Relevant	Disagree	Strongly agree	AI	4	4	4	AI	
MA-DS	MA3	Specialization	A little Relevant	No opinion	Agree	Intelligent Systems	3 - No opinion	3 - No opinion	3 - No opinion	SysCom	I really don't like the title of Bachelor in AI. It sounds kitschy and like a reaction to the current moment. Bachelor in Intelligent Systems sounds much more professional and like it can stay relevant as the world moves forward. Additionally, as a Master in Data Science who studies AI - AI is killing the environment and such blatant support for moving everything towards AI (such as changing the title and courses of an existing bachelor), while relevant to the world today, feels reactionary and like it is not accounting for our natural world. 
MA-IN	MA3	New independent bachelor	Relevant	Disagree	No opinion	AI	3 - No opinion	3 - No opinion	3 - No opinion	AI	I think it is a great idea. Especially having courses specifically targetting large scale AI systems and deployment of large models.
MA-DS	MA3	New independent bachelor	Very relevant	Disagree	Strongly agree	AI	5 – I love it !	5 – I love it !	2	AI	
BA-SC	BA1	New independent bachelor	Relevant	No opinion	Agree	AI	2	2	3 - No opinion	AI	J'ai initialement pris SysCom spécifiquement pour l'IA.
BA-IN	BA1	As it is now	A little Relevant	Strongly agree	Disagree					SysCom	
BA-IN	Other	New independent bachelor	Very relevant	Disagree	No opinion	AI	4	4	3 - No opinion	AI	
BA-IN	BA5	New independent bachelor	Relevant	Disagree	Disagree	AI	4	5 – I love it !	4	AI	
BA-SC	BA5	Specialization	No opinion	Disagree	Agree	Other	4	3 - No opinion	1 – I hate it !	Not sure	En vrai, demander à un gosse de 18-19 ans de choisir une spécialisation aussi forte avant même qu'il a touché du ML, va mener inéluctablement à des centaine d'élèves qui voudront changer entre la deuxième et la troisième, ce qui sera une charge non-négligeable pour l'administration et bloquera certains élèves dans des matières qu'ils apprécieront pas. Enlever Compsys pour les syscom n'est pas une mauvaise idée mais enlever compsec est à mon avis pas optimal car c'est un cours qui introduit une nouvelle branche en informatique. Pour modstoch et Principles of digital communications disparaitront simplement car personne ne voudra les prendre si ils sont optionnels donc c'est tirer une balle dans le pieds. Remettre un projet en ML quand on a déjà un travail de bachelor est contre-productif. On a déjà assez à faire, si on aime le ML, on peut prendre un sujet en rapport.  Pour conclure, fusionner les deux bachelors et faites des tracs ou juste rebrand le bachelor en syscom en gardant sa structure.   
BA-IN	BA1	Specialization	Not relevant at all	Agree	No opinion	Intelligent Systems	3 - No opinion	3 - No opinion	3 - No opinion	SysCom	
BA-SC	BA5	Specialization	Very relevant	Disagree	Strongly agree	AI	4	5 – I love it !	5 – I love it !	AI	"As a communication systems bachelor student, I'm totally aligned with all the mentioned changes for a future bachelor in AI, EXCEPT for the ""Computer Systems would become optional"". Since CompArch is already optional, student would really miss core concepts of computer science if they also don't take CompSys. Also the class (as long as it is teached by  Katerina Argyraki!) is just so nice, it would truly be sad if students miss this for a ""system of ai "" class. Except for this, this is an excellent initiative, and make total sense since most SysCom student are just here to do data science and AI, and not communication stuff!"
BA-IN	BA1	Specialization	Relevant	Agree	Disagree	Intelligent Systems	5 – I love it !	5 – I love it !	4	AI	Très bonne idée, étant donnée que j aimerais travailler dans l intelligence artificiel et que j hésite beaucoup entre syscom et computer science pour cela. De plus, les système de communication ne sont pas vraiment mon centre d intérêt donc avoir de l intelligence artificiel serait très intéressant pour moi et sûrement pour d’autres gens.
BA-SC	BA5	Specialization	Very relevant	Disagree	Strongly disagree	Intelligent Systems	4	4	5 – I love it !	AI	
MA-CY	MA1	As it is now	Not relevant at all	No opinion	Strongly disagree	Other	1 – I hate it !	1 – I hate it !	1 – I hate it !	SysCom	AI should never be a bachelor's course. There is not enough content to make it a bachelor's, it's way too specific. If people are interested in ML they can always take the optional courses and in the masters can take more specific content related with ML.
MA-CY	MA1	As it is now	A little Relevant	Disagree	Disagree	AI	3 - No opinion	3 - No opinion	3 - No opinion	AI	
BA-SC	BA5	No opinion	Relevant	Disagree	Agree	AI	2	4	1 – I hate it !	SysCom	"Je suis actuellement en SC BA5 et j’envisage actuellement de poursuivre mes études en master de signal processing et ML. Je trouve qu’il est pertinent de mettre de plus en plus de ML dans le bachelor SC parce que toutes nos technologies modernes font usage du ML, mais de là à rendre optionnel des cours essentiels aux SC comme modèles stochastiques serrait une erreur. Déjà actuellement certains dans ma section prennent en option uniquement des ""crédits faciles"" : Technologies of Democratic Society ou Responsible Software par exemple. Je trouve que cela casse la réputation de l'EPFL pour ces bachelor IN et SC où il y a beaucoup d'options disponibles. Conséquement si Modèles Stochastiques, par exemple, devient optionnel, il y a de forte chance pour que le cours se termine avec 10 à 20 étudiants à la fin du semestre. Avoir une matière dans un bloc, et donc la rendre obligatoire, force les étudiants a bien étudier la matière et à aller jusqu'au bout de celle-ci. Avec une option la tentation d'abandonner la matière en cours de route est toujours présente et ceci peut nous inciter a faire moins d'effort en se disant si ça va pas bien j'abandonne. C'est pourquoi je trouverai plus interessant pour l'école et pour les étudiants de soit : faire un 3e bachelor ML/IA dans la faculté IC, avec le 1ere année toujours identique aux deux autres. Ou alors fusionner les bachelors actuels en une grosse section IN mais dans laquelle il y a des tracks/spécialisations, comme actuellement, MAIS forcer les étudiants a prendre les cours obligatoires de leur spécialisation. Ainsi un diplôme de bachelor en informatique serait accompagné d'une mention ""spécialisation"" en : systèmes de communications/IA,ML/quantum/software/computer systems etc..."
BA-IN	BA1	Specialization	Relevant	Disagree	Agree	AI	4	4	4	AI	
MA-DS	MA3	As it is now	A little Relevant	No opinion	Disagree	Intelligent Systems		2		SysCom	
BA-SC	BA5	Specialization	Relevant	No opinion	Disagree	AI	3 - No opinion	5 – I love it !	2	SysCom	
Other	MA1	Specialization	A little Relevant	Strongly agree	Strongly agree	Intelligent Systems	2	3 - No opinion	1 – I hate it !	SysCom	Le bachelor en Syscom actuel permet de voir l’étendu des possibles après ce même bachelor grâce aux cours comme modèles stochastiques /principles of digital communication, Computer systems/Computer Security, autres cours optionnels plus mathématiques ou d’autres orientés sciences de la vie ou neurosciences. On avait un avant goût de ce qui pourrait être notre spécialisation future. D’une part on se sent capable d’avoir des compétences de nature différentes dans des domaines variés et on se facilite la tâche du choix d’un master. Tandis que le potentiel futur bachelor en IA créerait des ingénieurs IA centrés, moins polyvalents, moins renseignés ou intéressés par les différentes applications ou débouchées que peuvent avoir leur études
BA-IN	BA1	Specialization	A little Relevant	Disagree	Strongly agree	Intelligent Systems				AI	
BA-SC	BA1	Specialization	No opinion	Disagree	Agree	AI	5 – I love it !	5 – I love it !	5 – I love it !	AI	
MA-IN	MA1	As it is now	A little Relevant	Disagree	Strongly agree	Other	4	4	3 - No opinion	SysCom	
MA-CY	MA3	Specialization	Not relevant at all	No opinion	No opinion	Other	3 - No opinion	4	1 – I hate it !	SysCom	It's important to teach people fundamental computer security notions. Therefore Computer Security should be mandatory. There should also be a mandatory course about security specifically regarding ML/AI. If EPFL fails at teaching security and privacy, it will be contributing to feeding the next generation of AI driven security nightmares instead of making the world a better place.
MA-IN	MA1	Specialization	A little Relevant	Disagree	Strongly disagree	Intelligent Systems	3 - No opinion	4	2	SysCom	Pourquoi pas un bachelor en IA mais le nom a un peu l'air d'une formation bullshit. Le bachelor syscomm ne veut plus dire grand chose en sachant que le master associé n'existe plus mais je ne soutiens pas sa suppression Je n'ai peut-être pas tout les variables en jeux mais peut-être envisager 3 bachelors à la faculté IC ce qui permettrait par ailleurs de retrouver des sections légèrement plus petites une à une. À noter aussi que avoir un bachelor de syscom en triangulaire avec 2 autres bachelors pourrait conduire à une situation similaire au cas du master syscom qui n'attriait personne et il faudrait ptet renommer ce bachelor ou bien s'assurer de sa mise en avant et lui donner un placement clair en terme de domaine couvert et qu'un étudiant sache qu'est-ce que c'est que ce bachelor et qu'est ce que ça lui ouvre à part le master en DS et en Ingé Fin
BA-IN	BA3	New independent bachelor	Relevant	No opinion	No opinion	AI	4	5 – I love it !	4	AI	
MA-IN	MA1	Specialization	A little Relevant	Agree	No opinion	Intelligent Systems	4	2	1 – I hate it !	SysCom	"I think ML tools are undoubtedly increasingly important, and are something a CS engineer ought to be, at the very least, familiar with. However, I think that creating a bachelor in AI is inappropriate. With increasing signs that we might be in an AI bubble, creating a bachelor in AI feels like chasing a trend, and is going to inject many people into a market that might collapse in two years, for all we know. It does not feel wise to me to start specializing people at the bachelor's level into a technology whose main product has not stabilized yet.  I am of the opinion that the SC bachelor (and the now-defunct SC master's degree) is still relevant as-is for many use cases, but is losing steam because it is not made apparent enough to the students _how_ it can be useful. SC students are given a good background in signal processing, probability theory and algebra, which can be useful in many domains. However, the degree's name (communication systems) only advertises a very specific subdomain of what these skills can do. For example, when one finishes the SC bachelor and decides to go farther than PDC (the ""crowning jewel"" of what SC is supposed to be in the heads of many), one only finds two courses at the master's level (the one by Al Hasanieh and the one by Chiurtu). The truth is, ""communication systems"" are not the main thing the SC bachelor allows you to do, but many people are led to believe that this is the case by the bachelor's name.  The proposal to turn it into a ""Data Science bachelor"" feels like a step in the right direction, but it's still misleading: it can also lead you to biomedical applications, to audiovisual signal processing, to telecoms, etc., and a good name for it would give a sense of the breadth of specialization opportunities after taking it. All in all, the SC bachelor is a ""signal processing bachelor"", but this isn't very catchy. But this is not simply a naming issue: the general branding of the IC bachelor's degrees has been confusing for a long time, and must be clarified. What can you do in a ""computer science bachelor"" that's different from a ""communication systems bachelor""? What do you do in each? Everyone uses computers in every section, what are you going to do differently in the specific ""computer science bachelor""? The truth is, students aren't sure. I have seen many people coming to the IN bachelor without knowing what it was about. Most people I know aren't clear about the difference between IN and SC, and yet they have to choose one; I only understood it when I finished my bachelor's degree! The branding for the IC bachelor's degrees is quite disastrous in this regard, hence why no one took the SC master (its purpose is as clear as the bachelor's). This, for me, is the real crisis, and must be fixed before thinking of making an AI bachelor track."
BA-SC	BA5	Specialization	Not relevant at all	Strongly agree	Disagree	Intelligent Systems	1 – I hate it !	2	1 – I hate it !	SysCom	Premièrement, je trouve ça aberrant de vouloir rendre Computer Systems, Modèles stochastiques et PDC optionnels, ils sont justement l'application de tous les précédents cours regroupés. C'est comme si un étudiant en fac d'histoire étudiait uniquement les évènements à partir de 1980. Chacun est libre de s'intéresser et d'étudier ce qu'il veut par la suite (niveau Master et après), mais au niveau du Bachelor, je trouve scandalisant d'obscurcir (je dis obscurcir car concrètement quasiment personne ne prendra Computer Systems ou PDC sans en être obligé, car ces matières sont connues pour être difficiles) des principes fondamentaux de l'Informatique. Je crois qu'on se précipite un peu sur l'IA, on a pas assez de recul pour en réaliser les conséquences au niveau individuel comme sociétal mais de là à en créer un DIPLÔME je trouve ça absolument alarmant. J'aimerais connaître les motivations très claires et transparentes de la faculté et plus largement de l'EPFL quant à ces modifications ? Cette école est censée être construite et organisée POUR les étudiants. De quoi vont bénéficier vos étudiants? Et quels seraient les désavantages, voire contraintes ou obstacles auxquels pourraient faire face vos étudiants de par cette réforme? 
BA-IN	BA5	Specialization	Relevant	Disagree	Strongly agree	Intelligent Systems	4	4	2	Not sure	
BA-SC	BA3	Specialization	Relevant	Agree	Agree	Intelligent Systems	3 - No opinion	4	3 - No opinion	Not sure	
MA-CY	MA1	Specialization	Not relevant at all	Agree	Strongly agree		1 – I hate it !	3 - No opinion	1 – I hate it !	SysCom	CompSys/Sec trop important selon moi 
MA-IN	MA3	Specialization	A little Relevant	No opinion	Strongly agree	AI	3 - No opinion	3 - No opinion	3 - No opinion	Not sure	
MA-CY	MA1	Specialization	A little Relevant	Disagree	Agree		3 - No opinion	4	2	SysCom	Le bachelor en IA risque d'enlever des bases importantes pour tout ingénieur en informatique. Je pense qu'il est important d'avoir un bachelor avec des bonnes bases dans tout les domaines (p.ex. le cours de computer security et computer systems), cela permet aussi de pour pouvoir changer de direction au master. Finalement l'industrie n'étant pas vraiment stabilisé, il y a un risque de former trop d'ingénieurs en IA par rapport au besoin dans 3 ou 5 ans.
BA-SC	BA3	Specialization	Relevant	Disagree	Strongly agree	AI	5 – I love it !	2	2	AI	i've always felt like the IN/SC separation didn't really make sense because most of our subjects are connected and it should appear so on our bachelor's name. on a personal level, i switched to SC for my second year, but took computer architecture and software construction as options (which are mandatory in IN).  my second year looks like IN but remains SC. i plan on specializing in AI/Data Science later in my career, but making the distinction so early wouldn't make sense in my opinion. the specialization option like in the master's is way better because it allows the same level of modularity and choice for students without forcing such a strong distinction.
BA-SC	BA1	New independent bachelor	Relevant	Strongly agree	No opinion	Intelligent Systems				SysCom	
BA-SC	BA3	New independent bachelor	Very relevant	Disagree	Strongly agree	AI	4	4	3 - No opinion	AI	Maybe we should emphasise the maths element more. I mean, if I look at the Bachelor of AI and see that there isn't much maths, when i have to choose, I would fear that the Bachelor of AI is just for the practical part of AI and not the theory, broadly speaking.
BA-IN	BA5	Specialization	Relevant	Agree	Disagree	Intelligent Systems	3 - No opinion	3 - No opinion	2	Not sure	
MA-IN	MA3	New independent bachelor	Very relevant	Agree	Strongly agree	AI	5 – I love it !	4	4	SysCom	
BA-SC	MA1	Specialization	No opinion	Agree	Agree	Intelligent Systems	3 - No opinion	3 - No opinion	3 - No opinion	SysCom	
MA-IN	MA1	New independent bachelor	Very relevant	Strongly disagree	Strongly agree	AI	4	5 – I love it !	5 – I love it !	AI	
BA-IN	BA5	As it is now	A little Relevant	Disagree	Strongly disagree	Intelligent Systems	1 – I hate it !	5 – I love it !	2	SysCom	"Je trouve que mettre le cours de Computer Systems pas obligatoire pour des étudiants dans n'importe quelle branche de l'informatique est très dommage. Il donne beaucoup de bases dans différents domaines. En outre, ajouter des cours comme un projet de ML, un sur les applications de l'IA et d'optimisation est une bonne idée. De plus, des cours comme Computer Security et Modèles Stochastiques donnes des bases dans certains domaines qui sont nécéssaire et dont il serait très dommage de ne pas profiter.  Le fait t'avoir des ""tracks"" en bachelor serait, à mon avis, très complexe: qui sait déjà sur quoi s'orienter en 2ème année de bachelor ? A mon avis, peu de gens."
BA-IN	BA5	Specialization	Very relevant	No opinion	Disagree	AI	3 - No opinion	3 - No opinion	3 - No opinion	AI	
BA-IN	BA5	Specialization	Very relevant	Strongly disagree	Agree	Intelligent Systems	4	5 – I love it !	5 – I love it !	AI	
BA-IN	BA1	Specialization	A little Relevant	Strongly agree	Disagree	Intelligent Systems				SysCom	
BA-IN	BA1	Specialization	Very relevant	No opinion	Strongly agree	AI				AI	
BA-IN	BA1	Specialization	Relevant	No opinion	Agree	AI	2	2	2	AI	
BA-IN	BA5	Specialization	A little Relevant	No opinion	Disagree	Intelligent Systems	2	4	2	SysCom	
BA-IN	BA1	New independent bachelor	Relevant	No opinion	Strongly agree	AI	3 - No opinion	5 – I love it !	5 – I love it !	AI	
BA-SC	BA3	Specialization	Very relevant	Agree	Strongly disagree	AI	5 – I love it !	5 – I love it !	5 – I love it !	AI	
BA-IN	BA1	Specialization	Very relevant	No opinion	Agree	Intelligent Systems	3 - No opinion	4	3 - No opinion	AI	
BA-IN	BA3	Specialization	A little Relevant	Strongly agree	Agree	Intelligent Systems	4	4	5 – I love it !	AI	Please don’t call it bachelor in AI..
BA-SC	BA3	New independent bachelor	Relevant	No opinion	Strongly agree	Intelligent Systems	4	5 – I love it !	4	AI	
BA-IN	BA1	New independent bachelor	Very relevant	Strongly agree	Strongly agree	Intelligent Systems	3 - No opinion	3 - No opinion	3 - No opinion	AI	
BA-SC	BA1	Specialization	A little Relevant	Disagree	Strongly disagree	Intelligent Systems	5 – I love it !	4	4	Not sure	
MA-CY	MA1	Specialization	Not relevant at all	Agree	Strongly disagree	Other		1 – I hate it !	1 – I hate it !	SysCom	
BA-IN	BA1	New independent bachelor	Very relevant	Strongly agree	Strongly agree	AI	5 – I love it !	5 – I love it !	5 – I love it !	AI	
BA-SC	BA1	Specialization	Very relevant	Agree	Disagree	Intelligent Systems	5 – I love it !	5 – I love it !	5 – I love it !	SysCom	bachelor syscom est aussi utilisé pour faire après master en finances, pas très tenu en compte si IA?
BA-IN	BA5	Specialization	Not relevant at all	No opinion	Disagree	AI	2	5 – I love it !	2	AI	Je trouve cela dommage de faire un Bachelor complètement dévoué à l’IA surtout que cela amènerait dès le BA1 la question «informatique ou IA ?» alors que selon les deux domaines sont très liés et ne devrait pas être opposés. Et le fait que syscom et IN sont très liés sont selon la force de ces deux sections. Et selon le programme proposé je trouve que ça retirait de la flexibilité entre les deux Bachelor. Surtout que nous avons pas vraiment une idée de ce qu’est l’IA au gymnase/lycée donc il est dur de savoir si l’on a envie de faire de l’IA ou non, le terme système de communication parfait plus global et donc fait moins déterministe. Il faudrait selon d’abord des introductions comme introduction to ML actuellement pour se rendre compte de ce qu’est le domaine plutôt que demander dès le BA1 une spécialisation aussi claire
BA-IN	BA5	Specialization	No opinion	Agree	Strongly disagree		2		1 – I hate it !	SysCom	
MA-IN	MA3	Specialization	A little Relevant	Agree	Strongly agree	AI	4	2	1 – I hate it !	AI	"Je commence par les points qui me paraissent les moins adressées par cette proposition:  Je pense qu'il est critique en bachelor d'avoir des cours d'humanités numériques comme Ethics and Law of AI, à mon avis aussi important qu'avoir les bases mathématiques et computationnelles pour comprendre ces systèmes. (Apparté: je pense qu'un tel cours devrait être obligatoire au master quand on aspire à construire des systèmes concernés) Etant donné que les bases mathématiques sont bien plus mises en avant dans l'état que le les bases éthiques, je pense que dans le cadre d'une réforme, ajouter ces cours d'humanités doit absolument être une priorité. Sur un autre point, rendre CompSec (qui arrive déjà seulement en 3ème année) optionnel me paraît comme une régression grave: il me paraît irresponsable vis-à-vis de l'agence qu'une université devrait cultiver chez un·e ingénieur·e en informatique de l'abstraire des enjeux basiques de cybersécurité en rendant cette matière optionnelle. D'autant plus qu'au master Information, Security and Privacy disparaît!! Enfin, je ne sais pas ce que ""Systems for AI"" va proposer, mais il me paraît essentiel aussi d'avoir un cours d'interaction personne système pour comprendre les enjeux d'intégrer un système IA dans la vie d'une personne, et les considérations de User Experience qui viennent avec. Attention car il me semble que le cours de Boulic de Bachelor disparaîtra aussi. Si votre proposition devient un bachelor dédié, je préfère ""IA"" pour qu'il se vende mieux en dehors d'environnements académiques, si ça doit être un track du master Informatique, je préfère ""systèmes intelligents"" parce que ça souligne mieux l'enjeu d'ingénierie derrière. Pour résumer, cette proposition, dans l'état, me paraît alarmante comme elle abstrait l'élève d'enjeux éthiques, moraux, législatifs, ET de cybersécurité pendant au moins deux ans, sinon pour toujours. Cette agence devrait selon moi être cultivée en parallèle de l'agence technique qui sont toutes les deux nécessaires pour designer des systèmes épanouissants sur le plan humain et sociétal. Plus largement, cette proposition m'inquiète quant à l'ambition générale derrière la réforme, est-elle de faconner des outils suffisamment aiguisés pour répondre aux besoins de corporations souvent problématiques sociétalement, tant les ambitions autour de l'IA (et déjà l'informatique) sont biaisées par des motivations de profit? Ou bien devrait-on aider des individus à développer leurs connaissances socio-techniques pour créer des outils qui bénéficient leurs pairs et la société, avec la capacité de challenger l'autorité de ces corporations quand on doit se retrouver dans une industrie aliénante? Les institutions académiques devraient selon moi contribuer à challenger cette autorité et donner l'exemple.  C'est l'occasion de déclarer à travers ce curriculum quelles attentes on devrait avoir d'une personne va devoir réfléchir à nos systèmes intelligents de demain. Merci de donner à la communauté étudiante l'opportunité d'évaluer ces propositions, et je vous remercie d'avance de considérer mon opinion."
MA-CY	MA3	New independent bachelor	Relevant	No opinion	No opinion	AI	4	4	3 - No opinion	AI	
MA-IN	MA3	As it is now	Not relevant at all	Disagree	Disagree	Intelligent Systems	1 – I hate it !	2	1 – I hate it !	SysCom	
BA-IN	BA3	New independent bachelor	Very relevant	Strongly agree	Strongly agree	AI	5 – I love it !	5 – I love it !	5 – I love it !	AI	
BA-SC	BA5	As it is now	A little Relevant	Disagree	Agree	Intelligent Systems	1 – I hate it !	2	3 - No opinion	SysCom	Avec la suppression du master Syscom il semblerait logique que le bachelor devienne obsolète. Cependant, faite un master spécialisé en IA semble tout de même prématuré. On comprend que cette volonté viens du faite de vouloir répondre à la demande actuelle des employeurs, mais faire un bachelor aussi ciblé serait je pense une erreur. C’est un peu comme le master en cyber, il est spécialisé sur ces 2 ans mais demande tout de même de suivre un cursus « général » avant, je pense qu’ici un master en IA serait une bonne idée mais offrir la spécialisation des le bachelor restreindrait beaucoup trop les opportunité. 
BA-SC	BA1	Specialization	Relevant	No opinion	Agree	Intelligent Systems	4	3 - No opinion	3 - No opinion	AI	
BA-IN	BA1	Specialization	Relevant	No opinion	Agree	AI	4	5 – I love it !	5 – I love it !	AI	Les changements devraient aussi concerner le Bachelor IN, et un Master en IA serait appréciable aussi
BA-IN	BA1	New independent bachelor	Relevant	Disagree	Strongly agree	Intelligent Systems				AI	
BA-IN	BA5	Specialization	A little Relevant	Disagree	Strongly agree	Intelligent Systems	3 - No opinion	4	1 – I hate it !	AI	
BA-SC	BA3	Specialization	Very relevant	Strongly agree	Agree	Intelligent Systems	3 - No opinion	5 – I love it !	3 - No opinion	AI	A mon avis ,Le principal problème du bachelor en sc actuel est qu’il tend à dévaloriser le potentiel de la spécialisation en intelligence artificielle. En effet, les cours proposés sont souvent trop généraux ou flous, ce qui rend difficile pour les étudiants de construire des compétences solides et ciblées dans ce domaine. De plus, certaines options imposées ou mal orientées détournent les étudiants de leurs objectifs professionnels réels, notamment ceux qui souhaitent se concentrer sur l’IA et ses applications concrètes.  Il devient donc essentiel d’établir une distinction claire entre les parcours, afin de mieux valoriser les compétences techniques et analytiques spécifiques à l’intelligence artificielle. Une orientation plus structurée permettrait non seulement d’optimiser la formation des étudiants, mais aussi de renforcer la crédibilité du programme face aux exigences du marché du travail et de la recherche.
BA-SC	BA5	As it is now	A little Relevant	Agree	Strongly disagree	Intelligent Systems	4	4	2	SysCom	
MA-DS	MA1	Specialization	A little Relevant	Agree	No opinion		4	3 - No opinion	2	SysCom	
BA-SC	BA5	Specialization	Very relevant	Strongly disagree	Strongly agree	AI	5 – I love it !	3 - No opinion	5 – I love it !	AI	
BA-IN	BA5	Specialization	A little Relevant	Disagree	Agree		3 - No opinion	3 - No opinion	2	SysCom	
BA-IN	BA1	New independent bachelor	Very relevant	Agree	Disagree		5 – I love it !	4	2	SysCom	
BA-IN	BA5	Specialization	A little Relevant	Disagree	Strongly agree	AI	4	4	4	AI	
MA-IN	MA1	New independent bachelor	A little Relevant	Strongly agree	Disagree	Data Science	2	4	1 – I hate it !	SysCom	Le nom de bachelor en systèmes de communications est trompeur. Le master a été supprimé et très peu de cours continuent dans la lignée des télécommunications / traitement de signal, mis à part pour l’IA pour ce dernier. Il faudrait que l’EPFL soit plus clair dans ce qu’elle propose ; soit elle accepte d’abandonner complètement le côté telecom de la faculté IC en faveur de la faculté ELEC par exemple, et dans ce cas renommer le bachelor en bachelor en IA (ou data science, me semble plus pertinent), ou alors créer un 3eme bachelor et garder celui en systèmes de communication en y faisant des modifications fondamentales qui permettent aux étudiants de mieux être intégré à un master consécutif, que ce soit dans la faculté IC ou une autre. Car à l’heure actuelle, les étudiants du bachelor SC qui ne veulent pas faire de l’IA/ data science (ou informatique, car dans ce cas le bachelor en informatique existe…) au master sont simplement perdus et lésés car les options de master ne suivent pas.
BA-IN	BA1	New independent bachelor	Very relevant	No opinion	Agree	AI	4	5 – I love it !	5 – I love it !	AI	
Other	MA3	Specialization	A little Relevant	Disagree	Agree	Intelligent Systems	5 – I love it !	1 – I hate it !	1 – I hate it !	AI	Without good mathematical knowledge that we acquire through ModStoch and PDC, we will never have the required knowledge to be effective in DS/AI research. This is a weak attempt to render the Syscom bachelor into an Industry-ready bachelor, and this is not why students choose Syscom!
MA-IN	MA3	Specialization	A little Relevant	Disagree	Agree	Intelligent Systems	4	3 - No opinion	3 - No opinion	Not sure	
BA-SC	BA5	As it is now	Not relevant at all	Agree	Strongly disagree	AI	1 – I hate it !	1 – I hate it !	1 – I hate it !	SysCom	
MA-CY	MA3	Specialization	A little Relevant	Agree	No opinion	Intelligent Systems	4	5 – I love it !	3 - No opinion	AI	
BA-SC	BA3	Specialization	Relevant	Disagree	Strongly agree	Intelligent Systems	5 – I love it !	5 – I love it !	3 - No opinion	AI	
MA-DS	MA1	New independent bachelor	Very relevant	Disagree	Agree	AI	4	4	2	SysCom	
BA-IN	BA5	Specialization	A little Relevant	No opinion	Agree	Intelligent Systems	2	4	4	AI	
BA-IN	BA1	New independent bachelor	Very relevant	Disagree	Strongly agree	Intelligent Systems	5 – I love it !	5 – I love it !	3 - No opinion	AI	
BA-SC	MA1	Specialization	No opinion	No opinion	Agree	Intelligent Systems	5 – I love it !	4	1 – I hate it !	Not sure	
BA-IN	BA5	Specialization	Very relevant	No opinion	Strongly agree	AI	4	5 – I love it !	2	AI	
BA-IN	BA3	Specialization	A little Relevant	Disagree	Strongly agree	Intelligent Systems	1 – I hate it !	4	4	AI	
MA-CY	MA3	Specialization	A little Relevant	Strongly disagree	Agree	Intelligent Systems	1 – I hate it !	5 – I love it !	5 – I love it !	AI	
BA-IN	BA1	Specialization	Relevant	No opinion	Agree	Intelligent Systems				Not sure	
BA-IN	BA5	As it is now	Not relevant at all	Disagree	Strongly agree		3 - No opinion	5 – I love it !	5 – I love it !	Not sure	
BA-SC	BA1	New independent bachelor	Very relevant	Agree	No opinion	Intelligent Systems	4	4	4	AI	
MA-CY	MA3	No opinion	A little Relevant	Agree	Agree	AI	2	3 - No opinion	1 – I hate it !	SysCom	Don't make Security optional. Already reading that phrase should ring an alarm bell as security in not optional! Introduce some sort of ethics in AI course into the bachelor. Don't chase trends, think about the long term, meaning don't make courses for ML that will be obsolete by next year, focus on building a strong mathematical and theoretical base.
BA-IN	BA5	Specialization	Not relevant at all	No opinion	Agree	AI	2	1 – I hate it !	2	SysCom	
MA-DS	MA3	Specialization	A little Relevant	Disagree	Strongly agree	Intelligent Systems	5 – I love it !	4	2	AI	Ce que je trouve dommage, c'est de perdre ce background et cette force en Systèmes de Communication que l'on a en matière de probabilités, avec surtout Modèles Stochastiques qui je trouve aide beaucoup. Aussi, avoir une matière qui contribue à l'apprentissage de la sécurité reste important, d'autant que l'accent est mis sur l'IA, ou en tout cas d'avoir un cours qui en parle.
BA-IN	BA1	New independent bachelor	Very relevant	Disagree	Agree	AI	5 – I love it !	5 – I love it !	5 – I love it !	AI	
BA-SC	BA5	As it is now	Not relevant at all	Agree	Strongly disagree	Intelligent Systems	2	2	1 – I hate it !	SysCom	
MA-CY	MA1	Specialization	A little Relevant	No opinion	Agree	AI	3 - No opinion	4	3 - No opinion	Not sure	
BA-SC	BA5	Specialization	Relevant	Disagree	Disagree	AI	5 – I love it !	5 – I love it !	5 – I love it !	AI	
MA-DS	MA1	New independent bachelor	Very relevant	Disagree	Strongly disagree	Data Science	4	5 – I love it !	2	AI	
BA-SC	BA3	Specialization	Very relevant	Strongly disagree	Strongly disagree	AI	5 – I love it !	5 – I love it !	5 – I love it !	AI	
BA-SC	BA3	Specialization	Very relevant	Disagree	Agree	AI	5 – I love it !	2	2	AI	Un rebranding du bachelor ou sa re conception permettrait une meilleure compréhension de à quoi s’attendre par les nouveaux étudiants. En revanche une de ses force est qu’il ouvre la porte vers des spécialisation diverses à travers son large choix de cours optionnels.
BA-IN	BA3	New independent bachelor	A little Relevant	Agree	Disagree	Intelligent Systems	2	3 - No opinion	2	SysCom	
BA-SC	BA3	Specialization	Very relevant	Disagree	Disagree	AI	5 – I love it !	5 – I love it !	5 – I love it !	AI	
BA-IN	BA1	New independent bachelor	Very relevant	No opinion	Agree	AI	4	4	4	AI	
BA-SC	BA1	No opinion	Relevant	Disagree	No opinion	Intelligent Systems				AI	
BA-IN	BA3	New independent bachelor	No opinion	Disagree	Disagree	AI	2	5 – I love it !	2	SysCom	Pour moi le fait de supprimer un bachelor orienté sur les sciences informatiques avec un bon baggage en mathématique serait une perte plus importante que le gain d'un bachelor spécialisé en IA. Surtout que le bachelor est là pour donner des bases importants sur l'ensemble des concepts d'informatique donc le retrait de certains cours donnant des bases général et qui sont utiles pour comprendre le monde informatique pourront être perdu avec le retrait de certains cours obligatoire. À mon sense faire un bachelor spécifique en IA entre trop tôt dans le cursus estudiantin et pourrait enfermer l'étudiant dans une case sans passerelle possible entre les autres bachelor de la section IC qui de leur coté pourront faire une transition plus simple/accessible dans l'autre sens, là où faire un master en IA (séparé du master informatique spécialisation IA) serait beaucoup plus intéressant étant donné le baggage mathématique et informatique déjà acquis.
BA-IN	BA5	New independent bachelor	Very relevant	Disagree	Agree	Intelligent Systems	5 – I love it !	5 – I love it !	4	AI	
BA-IN	BA1	New independent bachelor	Relevant	Agree	Strongly agree	Other	4	5 – I love it !	5 – I love it !	AI	
MA-CY	MA1	New independent bachelor	Very relevant	Strongly disagree	Strongly agree	AI	5 – I love it !	5 – I love it !	5 – I love it !	AI	
BA-SC	BA3	Specialization	Relevant	Disagree	Disagree	Intelligent Systems	4	4	2	Not sure	
BA-IN	BA1	Specialization	Relevant	No opinion	Strongly agree	Other	4	4	4	AI	
BA-SC	BA5	Specialization	Very relevant	Strongly disagree	Strongly agree	AI	4	4	3 - No opinion	AI	
BA-IN	BA1	New independent bachelor	Relevant	Strongly disagree	Agree	Intelligent Systems	5 – I love it !	5 – I love it !	5 – I love it !	AI	
BA-SC	BA3	As it is now	A little Relevant	No opinion	Agree	AI	2	2	2	SysCom	Personnellement je trouve qu'un bachelor en ia est trop specifique et qu'il est preferable d'avoir de meilleures base en informations avant de se spécialité dans ce domaine. 
BA-IN	BA1	Specialization	A little Relevant	Disagree	Strongly agree	Intelligent Systems				AI	
BA-IN	BA5	As it is now	A little Relevant	Agree	Disagree	Intelligent Systems	5 – I love it !	4	1 – I hate it !	Not sure	
BA-IN	BA5	Specialization	A little Relevant	Agree	Agree	Intelligent Systems	1 – I hate it !	3 - No opinion	2	SysCom	
BA-IN	BA1	New independent bachelor	Very relevant	Disagree	Strongly agree	Intelligent Systems	5 – I love it !	5 – I love it !	5 – I love it !	AI	It would be nice if the bachelor could also provide optional math-heavy courses which are relevant to this realm (e.g. continuous optimization, advanced linear algebra). 
BA-IN	BA1	New independent bachelor	Very relevant	No opinion	Strongly agree	AI	5 – I love it !	5 – I love it !	5 – I love it !	AI	
MA-CY	MA1	Specialization	Relevant	Disagree	No opinion	AI	2	4	2	AI	Computer Systems devrait rester obligatoire. Ce cours permet de lier, digérer et mettre en pratique les matières vues dans les semestres avant. 
BA-SC	BA3	New independent bachelor	Relevant	Agree	Strongly agree	Intelligent Systems	3 - No opinion	4	3 - No opinion	SysCom	
BA-SC	BA1	Specialization	Very relevant	Strongly disagree	Disagree	Intelligent Systems	5 – I love it !	5 – I love it !	5 – I love it !	AI	Je trouve que c'est très intéressant 
MA-DS	Other	Specialization	No opinion	No opinion	Strongly agree		4	4	1 – I hate it !	AI	
BA-IN	BA1	Specialization	No opinion	Agree	Strongly disagree	AI	4	5 – I love it !	5 – I love it !	Not sure	
Other	Other	New independent bachelor	Relevant	Disagree	No opinion	AI	2	4	2	AI	
BA-SC	BA3	Specialization	Relevant	Strongly agree	Strongly disagree	Intelligent Systems		1 – I hate it !	1 – I hate it !	SysCom	
MA-CY	MA1	Specialization	A little Relevant	Agree	Strongly agree	AI				AI	
BA-IN	BA1	Specialization	A little Relevant	Disagree	Strongly agree	AI				SysCom	
BA-SC	BA3	New independent bachelor	Very relevant	No opinion	Agree	AI	5 – I love it !	4	5 – I love it !	AI	
BA-IN	BA1	New independent bachelor	Relevant	Strongly disagree	Strongly agree	Intelligent Systems	5 – I love it !	4	3 - No opinion	AI	
BA-SC	BA5	Specialization	Relevant	No opinion	Strongly agree	Intelligent Systems	4	4	5 – I love it !	AI	"My answer on ""pick SysCom or new AI"" could be biaised because I'm in SysCom but not be choice. But overall, merging all IC bachelor into one, with mandatory ""tracks"" would be the best outcome in my opinion. In this case, it would be easy to have a softdevs bachelor, SysCom, AI, or something else."
BA-IN	BA1	New independent bachelor	Very relevant	Disagree	No opinion	AI				AI	
BA-IN	BA1	New independent bachelor	Very relevant	Disagree	Agree	AI	4	4	4	AI	
MA-CY	Other	Specialization	No opinion	Agree	Strongly agree	AI	4	4	2	SysCom	
MA-DS	MA3	New independent bachelor	Very relevant	Disagree	Strongly agree	AI	3 - No opinion	3 - No opinion	3 - No opinion	AI	
MA-DS	MA3	New independent bachelor	Very relevant	Agree	Disagree	AI	3 - No opinion	5 – I love it !	4	AI	
BA-IN	BA1	New independent bachelor	Relevant	Strongly agree	No opinion	AI				Not sure	
BA-IN	BA1	As it is now	Relevant	Agree	Strongly agree	AI				SysCom	
BA-SC	BA5	Specialization	Relevant	Disagree	Disagree	Intelligent Systems	2	4	4	Not sure	I think that the computer security course is an important one that should not be optional
BA-SC	BA5	Specialization	A little Relevant	Disagree	Agree	Intelligent Systems	4	4	2	SysCom	
BA-IN	BA5	Specialization	A little Relevant	Agree	Strongly agree	Intelligent Systems	3 - No opinion	5 – I love it !	2	SysCom	
BA-IN	BA1	Specialization	No opinion	No opinion	Strongly agree	AI	2	3 - No opinion	2	Not sure	
MA-CY	MA3	Specialization	A little Relevant	No opinion	Agree	Intelligent Systems	3 - No opinion	3 - No opinion	3 - No opinion	Not sure	Personnellement, la logique actuelle consistant à avoir un bachelor en syscom. qui traite davantage de l’information et un autre en info. qui se concentre davantage sur les ordinateurs de manière générale me semble cohérente, tout comme le fait d’avoir un tronc commun. Je pense que, pour la reconnaissance des bachelors, il vaut mieux disposer d’un bachelor commun solide et bien reconnu plutôt qu’une multitude de petits bachelors dont la réputation est moindre (surtout à l’international). Ensuite, il me paraît pertinent d’intégrer l’intelligence artificielle dans la formation actuelle, soit sous forme de parcours dédiés, comme on pourrait imaginer un parcours en cybersécurité ou dans d’autres domaines spécifiques, soit simplement en assumant que le bachelor syscom. inclut une composante en IA.
MA-DS	MA1	No opinion	Relevant	No opinion	Agree	AI	3 - No opinion	5 – I love it !	4	AI	
BA-IN	BA1	Specialization	A little Relevant	No opinion	Agree	Intelligent Systems	3 - No opinion	3 - No opinion	3 - No opinion	SysCom	
BA-IN	BA1	New independent bachelor	Relevant	No opinion	Strongly agree	AI	3 - No opinion	4	4	AI	
BA-IN	BA1	Specialization	A little Relevant	No opinion	Strongly disagree	AI	5 – I love it !	5 – I love it !	5 – I love it !	AI	
BA-IN	BA1	Specialization	Relevant	No opinion	Agree	AI	3 - No opinion	3 - No opinion	3 - No opinion	AI	
BA-IN	BA1	New independent bachelor	Very relevant	No opinion	Agree	Intelligent Systems	4	5 – I love it !	4	AI	
MA-IN	MA1	No opinion	No opinion	Disagree	Agree	Intelligent Systems	4	4	3 - No opinion	Not sure	Maybe not worth a whole new bachelor, but adding the courses as options would be a good oportunity to learn.
MA-SC	MA3	Specialization	A little Relevant	No opinion	No opinion	AI	3 - No opinion	4	4	Not sure	
BA-IN	BA1	New independent bachelor	Very relevant	No opinion	Disagree	AI				AI	
MA-DS	MA3	New independent bachelor	Very relevant	Strongly disagree	Disagree	AI	4	4	5 – I love it !	AI	C est bien de faire un bachelor en IA mais il ne faut que ce soit trop général. À l epfl je trouve qu on a tendance à apprendre un peu tout et trop étudier les vielles méthodes. Avec ce bachelor, il faudra changer le master de data science qui ne sera pas suffisamment orienté IA. En tout cas j aime beaucoup ce que vous proposez. Et j ai hâte de voir plus de gens de l EPFL venir chez Mistral avec ces changements
BA-IN	BA1	Specialization	Very relevant	No opinion	Agree					AI	
BA-IN	BA1	New independent bachelor	Very relevant	Disagree	Agree	AI	5 – I love it !	5 – I love it !	5 – I love it !	AI	
MA-IN	MA1	Specialization	A little Relevant	No opinion	Strongly agree	AI	4	4	2	SysCom	"I like the idea of having an AI Bachelor specialization more than a Bachelor AI itself, i think that it may close too many doors to students in a job market were already a lot of computer scientists want to work in AI. Wheras if it was a specialization, the student can work in other markets and have sort of a ""Plan B"" just in case that there are no job offers for AI. The CS and IN bachelor have enough material to be able to work in multiple industries without specializing too much. The AI Bachelor would be a too early specialisation in my opinion. The bachelor should instead open the door to AI and let the student decide if he wants to specialize in AI in the Masters or do the Masters in an other branch of computer science"
BA-IN	BA1	Specialization	A little Relevant	Agree	Agree	Intelligent Systems				SysCom	
BA-IN	BA1	As it is now	Relevant	No opinion	Agree	Intelligent Systems	5 – I love it !	4	5 – I love it !	Not sure	
BA-SC	Other	New independent bachelor	Very relevant	No opinion	Strongly agree	AI	3 - No opinion	3 - No opinion	3 - No opinion	AI	
BA-IN	BA1	Specialization	Very relevant	Disagree	No opinion	Intelligent Systems	4	5 – I love it !	2	AI	
BA-IN	BA1	New independent bachelor	Very relevant	Disagree	No opinion	AI	3 - No opinion	3 - No opinion	3 - No opinion	AI	
BA-SC	BA3	Specialization	Very relevant	Strongly disagree	Agree	AI	5 – I love it !	5 – I love it !	4	AI	
MA-DS	MA1	New independent bachelor	Very relevant	Strongly disagree	Agree	AI	5 – I love it !	5 – I love it !	5 – I love it !	AI	
BA-IN	BA1	Specialization	Relevant	Disagree	Agree	AI	4	4	4	AI	
MA-IN	MA1	Specialization	Very relevant	No opinion	Strongly agree	Other	1 – I hate it !	2	2	AI	Computer systems cannot be taken out of a computer science bachelor degree. I would consider adding an extra course in statistics or stochastic algorithms/optimization on the first semester second year. All other changes are good
BA-IN	BA1	Specialization	Relevant	Strongly disagree	Disagree	AI	3 - No opinion	5 – I love it !	5 – I love it !	AI	
BA-SC	BA5	No opinion	Relevant	Disagree	No opinion	Intelligent Systems	2	3 - No opinion	3 - No opinion	SysCom	Il m'a semblé que le cours de CompSys était très important que ce soit pour les connaissances acquises en matières de networks, de transmission de données et de procédures afin d'avoir une vision globale de ce qu'il se passe lorsque que l'on transmet des données. Même si la partie CPU ferait moins de sens pour le bachelor d'IA je pense que ce sont de bonnes connaissances acquises. Quant aux changements de la 3ème année je ne l'ai pas encore faite, il est donc difficile pour moi de répondre.
Other	MA3	Specialization	A little Relevant	Disagree	Strongly agree	Intelligent Systems	2	4	2	SysCom	
MA-DS	MA1	New independent bachelor	Very relevant	No opinion	Strongly agree	AI	4	5 – I love it !	2	AI	
BA-IN	BA1	As it is now	A little Relevant	Disagree	Strongly agree	Intelligent Systems	3 - No opinion	3 - No opinion	3 - No opinion	SysCom	
BA-IN	BA1	New independent bachelor	Very relevant	Strongly disagree	Strongly agree	Intelligent Systems	5 – I love it !	5 – I love it !	5 – I love it !	AI	
BA-IN	BA1	Specialization	Relevant	No opinion	No opinion	AI	5 – I love it !	5 – I love it !	5 – I love it !	AI	I really like the idea of ​​making the course relevant and in line with modern requirements 
BA-SC	BA1	As it is now	A little Relevant	Agree	No opinion	Intelligent Systems	3 - No opinion	3 - No opinion	1 – I hate it !	SysCom	
MA-IN	MA3	Specialization	A little Relevant	Strongly disagree	Strongly agree	AI	4	5 – I love it !	5 – I love it !	AI	
MA-DS	MA3	Specialization	A little Relevant	Disagree	Strongly agree	Data Science	3 - No opinion	3 - No opinion	5 – I love it !	AI	
BA-SC	BA3	New independent bachelor	Very relevant	Strongly agree	Strongly disagree	Intelligent Systems	4	5 – I love it !	1 – I hate it !	SysCom	
BA-IN	BA1	As it is now	A little Relevant	Agree	No opinion	Intelligent Systems	1 – I hate it !	1 – I hate it !	1 – I hate it !	SysCom	
BA-IN	BA1	No opinion	Relevant	No opinion	Strongly disagree	AI	5 – I love it !	5 – I love it !	5 – I love it !	AI	
MA-IN	MA1	Specialization	A little Relevant	No opinion	Disagree	Intelligent Systems				SysCom	
BA-IN	BA3	Specialization	Very relevant	Strongly disagree	Strongly agree	AI	5 – I love it !	5 – I love it !	5 – I love it !	AI	
BA-IN	BA3	Specialization	Relevant	Strongly agree	Disagree	AI	3 - No opinion	5 – I love it !	1 – I hate it !	Not sure	
BA-IN	BA1	New independent bachelor	Very relevant	Strongly disagree	Strongly agree	AI				AI	
BA-SC	BA5	New independent bachelor	Relevant	Agree	Agree	AI	2	5 – I love it !	3 - No opinion	AI	Computer System est un cours très complet et important. J’y ai beaucoup appris et en suis reconnaissant. Le rendre optionnel serait très dommage.
MA-IN	MA1	Specialization	No opinion	Disagree	Agree	AI	2	3 - No opinion	3 - No opinion	SysCom	Maybe it might be early to add AI as its own bachelor (its a big change!). it's very hyped at the moment, and so many people want to go there. I would instead suggest going step-by-step. maybe creating tracks in the IC bachelor, and one of them would be AI.  Looking at what other universities did could be a great insight.
MA-DS	MA1	Specialization	Not relevant at all	No opinion	Agree	Intelligent Systems	1 – I hate it !	3 - No opinion	3 - No opinion	SysCom	
BA-SC	BA1	New independent bachelor	Relevant	No opinion	Strongly disagree	Intelligent Systems	3 - No opinion	4	2	AI	
MA-DS	MA3	Specialization	Relevant	Disagree	Strongly agree	Intelligent Systems	4	4	1 – I hate it !	Not sure	
BA-SC	BA3	Specialization	No opinion	Agree	No opinion	Intelligent Systems	3 - No opinion	3 - No opinion	3 - No opinion	SysCom	
BA-SC	BA3	New independent bachelor	Very relevant	Strongly disagree	Strongly agree	AI	5 – I love it !	5 – I love it !	5 – I love it !	AI	
BA-SC	BA3	Specialization	Very relevant	Disagree	No opinion	AI	4	5 – I love it !	4	AI	Je pense que modstoch devrait rester obligatoire. La probabilité et la technologie sont beaucoup liés. Surtout si on décide de s’intéresser aux algorithmes et aux choses plus théoriques. 
MA-IN	MA1	Specialization	Relevant	Agree	Strongly agree	Intelligent Systems	4	4	4	Not sure	
MA-CY	MA3	Specialization	A little Relevant	Strongly disagree	Strongly agree	Intelligent Systems	2	4	4	AI	
BA-IN	BA1	As it is now	Not relevant at all	Strongly agree	Strongly disagree	Other	1 – I hate it !	1 – I hate it !	1 – I hate it !	SysCom	Stop the AI slop from penetrating into higher education
BA-IN	BA3	Specialization	A little Relevant	No opinion	No opinion	Intelligent Systems				SysCom	
BA-IN	BA1	Specialization	Relevant	No opinion	Agree	Intelligent Systems	5 – I love it !	4	4	Not sure	
BA-SC	BA3	Specialization	Relevant	No opinion	No opinion	AI				Not sure	
BA-SC	BA1	Specialization	No opinion	Disagree	Strongly agree	AI	5 – I love it !	4	4	AI	
BA-IN	BA5	Specialization	Not relevant at all	No opinion	Disagree	Intelligent Systems	3 - No opinion	4	1 – I hate it !	Not sure	I don’t understand why computer security and privacy were removed, that’s probably one of the most valuable subjects a bachelor’s in “AI” could include. I’m also against the name itself; when the current “AI” trend fades, it’ll sound as awkward as having a bachelor’s in “NFTs” while actually working in crypto.
BA-IN	BA1	Specialization	A little Relevant	Agree	Strongly disagree	Intelligent Systems	3 - No opinion	3 - No opinion	3 - No opinion	SysCom	
BA-IN	BA1	New independent bachelor	Very relevant	Disagree	Agree	AI				AI	À l'heure actuelle, et vu les prouesses dans le domaine de l'intelligence artificielle, il me semble très pertinent que ce domaine soit formellement enseigné dans des hautes études tel qu'à l'EPFL, les technologies futures ainsi que les places professionnelles futures sont vouées à être modifiées au gré de l'intelligence artificielle, alors autant être enseigné au plus proche de notre époque ;)
BA-IN	BA1	Specialization	Relevant	Disagree	Agree	AI	5 – I love it !	4	5 – I love it !	AI	
BA-IN	BA1	As it is now	A little Relevant	Strongly disagree	Strongly disagree	Intelligent Systems	4	4	4	AI	
BA-SC	BA5	Specialization	A little Relevant	Strongly agree	Agree	AI	2	4	2	SysCom	Je trouve que le cours Computer Systems de deuxième année donne des bases générales importantes pour tous les étudiants d’IC et qu’il devrait rester obligatoire.
MA-DS	MA3	Specialization	A little Relevant	Disagree	Strongly agree	AI	2	4	2	Not sure	
Other	BA5	New independent bachelor	Very relevant	Strongly disagree	Strongly disagree	AI	5 – I love it !	5 – I love it !	3 - No opinion	AI	
BA-IN	BA1	Specialization	Not relevant at all	No opinion	Strongly agree		3 - No opinion	3 - No opinion	1 – I hate it !	SysCom	Les cours de sécurité et d’éthique sont importants. Il faut penser a comment le bachelor pourrait potentiellement vieillir pour que les élèves ne se retrouvent pas face a des conséquences économiques. Mieux vaut sortir avec un ample bagage avec une spécialité que un plus petit et expert bagage qui pourrait mal vieillir.
BA-SC	BA3	Specialization	A little Relevant	Disagree	No opinion		3 - No opinion	3 - No opinion	4	Not sure	Il me semble important de faire attention de ne pas surfer sur un effet de mode. Le bachelor en syscom est j’ai l’impression souvent choisi pour sa versatilité entre informatique et mathématiques, le réformer en rendant les cours très spécialisés optionnels ne me semblent pas une mauvaise idée et un changement de nom serait cohérent, mais la direction générale me semble toujours pertinente 
Other	BA1	Specialization	Relevant	Disagree	Strongly agree	Intelligent Systems	5 – I love it !	5 – I love it !	5 – I love it !	AI	
BA-IN	BA1	Specialization	A little Relevant	No opinion	Agree	AI	4	4	4	AI	
BA-IN	Other	Specialization	Not relevant at all	Agree	Strongly agree	Intelligent Systems	3 - No opinion	2	1 – I hate it !	SysCom	"Are we really hedging our bets that the current AI bubble will last?  AI is a large and complex topic, and I don't think all of it can realistically be covered in a single course. Moreso, AI can be broken down into several categories, from ""simple"" behavior trees to ""complex"" LLMs and Gen AI. Making a bachelor centered on the broad concept of AI feels like a desperate attempt to appear as following with the current trends by throwing buzzwords into the mix, much like partially replacing flour in a cookie with sawdust.   Lastly, I'm fairly certain that you wouldn't talk exclusively about Gen AI, but you inevitably will talk about it for quite a bit, and likely teach how to make it, and how to publish it (which is trivially easy). It's worth noting that many datasets that modern LLMs and image generation models are trained on contains copyrighted data, and if it would be removed it'd likely render most of these datasets obsolete/useless, as it's a large majority of it. It's also worth noting that public opinion on the internet in particular is very split on the topic of AI in general, but particularly on it's impact on climate (while the EPFL specifically advertises it's sustainability https://www.epfl.ch/about/sustainability/ ), it's dangers for privacy (there's a lot of them), and of course it's impact on stuff like copyright law, with as recently as yesterday at time of writing this a court in Germany ruling against OpenAI on that topic https://grunecker.de/en/insights/ai-and-copyright-law-munich-regional-court-rules-against-openai/ .  In conclusion, while AI is an interesting technology with many facets and interesting elements, it's a controversial and frankly just dangerous technology, so I'd request consideration and carefulness when adding it to the school curriculum, and with all due respect making an entire bloody bachelor program dedicated to it is the opposite of that.   As for the actual suggested changes themselves, sure let's go through them. Optimization sounds like the only actually good idea. Systems for AI sounds like just another way of saying ""here's how to use a cloud, unless your laptop is that powerful"", which would likely be redundant. Computer Systems is an arguably fairly important lesson, so I'm not sure about making it optional.  ""Machine Learning II, an ML project, an Introduction to AI, and courses on AI applications"": AI applications is fine, just make it more explicit it's actually talking about useful applications of AI in stuff like medicine or physics, and not just a fancy way of saying ""call this API and all your AI dreams come true"". Intro to AI feels like it'd be fairly redundant.  Machine Learning II would probably be fine as an OPTIONAL course. ML project is iffy in my humble opinion, as it's trivially easy to do basic machine learning using stuff like: - TensorFlow - PyTorch - ML.NET And that's just stuff I've actually used myself that I can name off the top of my head.  I'm fairly certain that most ML projects would be either trivially easy, or the student(s) would get overly ambitious, making me highly doubtful of it's pertinence.  ""Computer Security, Stochastic Models, and Principles of Digital Communications would become optional"" Computer Security is probably the one topic EVERYONE needs to know off the top of their head, making it optional would be... how to say it without swearing... Somewhere on the scale between completely idiotic and a sign of mental illness, with it likely laying near ideas like ""let's burn down the library of Alexandria"". I am diametrically opposed to this change. Stochastic models I have nothing to comment on. Digital Communications is fine to make optional, though once again I personally wouldn't, given it's a fairly important thing.   If I may, please make ""The Atlas of AI"" by Kate Crawford a mandatory read in this course if you decide to actually go through with it, which in my opinion you should really not."
BA-IN	Other	Specialization	Relevant	Disagree	Strongly agree	Intelligent Systems	3 - No opinion	4	4	AI	
